,epoch,D_loss,G_loss,MI,D_ks,p_value,time,Corr/code0-x,Corr/code0-y,Corr/code1-x,Corr/code1-y,angle
0,1,0.6873004023105868,-0.7201844223083989,-0.0009417824687496309,0.7969999999999999,1.6338808633801272e-202,158,-0.00828799489000423,0.008744682098703431,-0.09434934861831644,0.06976466636261876,10.055566082456242
0,2,0.6837477684020996,-0.6863883358816947,-2.998017495678317e-06,0.5969798387096774,2.321492013285467e-115,287,0.029830539965195628,0.03609478459035893,0.0016492429229833358,0.036876354307690824,37.01126789425619
0,3,0.6781448818022205,-0.6623603422795573,2.7348197275592434e-05,0.8619717741935484,1.5384371068039193e-239,425,0.02429903561002046,0.0830059431980094,-0.02949608694559318,0.03755712630139389,54.461668718659354
0,4,0.6205302313450844,-0.6092573346630219,5.741177066679924e-05,0.7149032258064516,1.6227596675493625e-165,558,-0.014515016560337445,0.037785430130479365,0.0435325760928068,0.10946771330500452,42.700420581081914
0,5,0.5317565452667975,-0.5318178154768483,0.000644050778881196,0.6347419354838708,1.416169314016406e-127,692,-0.13361485390388897,0.0522781258776685,-0.16320163862654827,0.10592642954651785,11.617276346861445
0,6,0.4099576338644951,-0.3971430596805388,0.002708280759473001,0.6598790322580645,4.217171981080482e-139,1094,-0.21702015623760945,0.13364541894378829,-0.2222015747114479,0.10474827686391815,6.385897356251574
0,7,0.3403063214594318,-0.31723375450218877,0.00884254180615948,0.4844153225806451,1.3567805732778972e-76,1223,-0.17783515349353157,0.18399375737815396,-0.16491932810733553,0.1703966607473364,0.039289589048633576
0,8,0.3542175879401545,-0.32803883860188143,0.030536476642854752,0.6665645161290323,1.8502734307273724e-144,1352,-0.39792246307037227,0.3840511987280359,-0.4244339275713145,0.40372475516403555,0.4162050346620678
0,9,0.47348867933596334,-0.4568959253449594,0.09882678187662555,0.358991935483871,2.616378156694165e-42,1475,-0.3770853827000546,0.38692747860420873,-0.44523112129313736,0.4508830443225066,0.37668150894716496
0,10,0.46460853132509417,-0.4463291211474326,0.1411851464260009,0.28608467741935484,4.982730568173716e-27,1640,-0.43358537226070265,0.43585961557412356,-0.4464923411540684,0.4469422949541848,0.12101516266057885
0,11,0.4147627185429296,-0.384456746039852,0.16976706972045283,0.41039112903225805,3.957689644262876e-55,2172,-0.3820204900234046,0.3813898690057483,-0.4420596775504417,0.44562379310292605,0.2773752155342329
0,12,0.3786095106793988,-0.34228782259648843,0.15082432353688824,0.35000403225806453,3.3874290051564317e-40,2351,-0.42407468007906834,0.4224810465961782,-0.4244676728639164,0.4250979723081057,0.15036684057686592
0,13,0.36623853805565065,-0.3205358261062253,0.17487790699928038,0.4504233870967742,4.829393741431201e-66,2489,-0.42384313849018823,0.41514637467404336,-0.3879992387157743,0.3904412887232606,0.7736353323347878
0,14,0.3523299153293333,-0.3021680866518328,0.12806655971273298,0.5490604838709676,4.457229348063047e-98,2627,-0.4356744389003829,0.4379925122020599,-0.43738973351457666,0.4336308336062316,0.3992798521200865
0,15,0.330820674377103,-0.28415481169377604,0.1706258294082457,0.5640161290322581,2.4416182586448644e-103,2797,-0.4092518967319091,0.40931908124262617,-0.4244056533967754,0.43484822088762204,0.6915824360074501
0,16,0.29161840460954175,-0.24400982621216005,0.1531548471220078,0.6183467741935484,6.9083298081936384e-124,3285,-0.40155339659480616,0.40041239500772713,-0.3912143216589564,0.40199222332666334,0.8599913580520527
0,17,0.26514146921615445,-0.21934631611070327,0.18121538022833486,0.6432620967741935,5.202242395308763e-134,3476,-0.43228767252059647,0.4293311845268181,-0.41382175509380376,0.4220672578320018,0.7617666052605855
0,18,0.2531044163530873,-0.20821624068963912,0.1572981919011762,0.6518709677419355,1.6372034945154872e-137,3630,-0.38679688571515414,0.3910056376637734,-0.4179784810010276,0.4283196488034505,0.39005023736373623
0,19,0.23214947600518504,-0.19142264680516335,0.18360584060991963,0.6433225806451612,8.027138504277623e-134,3768,-0.4386698316298857,0.43945287628464524,-0.3991637561105128,0.4031704207403259,0.23502690572171547
0,20,0.22142928346030175,-0.18590805295013613,0.1972482382289825,0.6178508064516128,1.347348498251553e-123,3911,-0.4327033574911512,0.4402800148261177,-0.4083435559939631,0.41002955143550807,0.3792204397417138
0,21,0.2138326387972601,-0.17822351462898717,0.14776443762163963,0.5873467741935483,1.0791072085022918e-111,4325,-0.4121018154428397,0.422226641391183,-0.39819736930397903,0.4118182637685255,0.2681044692864858
0,22,0.20647713890479458,-0.17114673699102095,0.20161221008146962,0.595383064516129,7.0938717969552335e-115,4465,-0.4142518267838716,0.4124558751197967,-0.4177191016569527,0.43085072757733056,1.0110519253997716
0,23,0.20370492927970424,-0.16763786755261884,0.18143235002794572,0.5868306451612904,1.6309599182515455e-111,4621,-0.41744634629094163,0.4091770851675607,-0.3989769484964411,0.40891692238480637,1.2780551925011758
0,24,0.19977990153335756,-0.1601218859995565,0.21928446331331808,0.6188387096774193,9.738992446459596e-124,4767,-0.44415496873040755,0.4416633816275867,-0.4337601977715446,0.450581124724578,1.2508416198967978
0,25,0.21705290951555775,-0.17239152399762983,0.19557928558318846,0.5717379032258064,6.894509191189433e-106,4956,-0.4313990080511308,0.41763115823506375,-0.451147037007434,0.4760410989262961,2.466989494377989
0,26,0.19621738058424765,-0.15641217678785324,0.16096901509069628,0.6208629032258064,1.3488259013100673e-124,5372,-0.4260588937084768,0.42761490310339545,-0.40194700843636155,0.4254996059293403,1.526003585509775
0,27,0.21181159610709838,-0.16328710449799413,0.2080987730333882,0.5593991935483871,2.215238039691602e-101,5509,-0.4326103335259633,0.4296396097988896,-0.4424332706391273,0.46148795174704094,1.4050188542443645
0,28,0.19944270267601935,-0.15256215115228006,0.1612315716282014,0.6097741935483871,3.4688848419020204e-120,5660,-0.40625301035258177,0.40967883876921896,-0.4191109208605104,0.43719052418992616,0.9689756233574903
0,29,0.19568281897133397,-0.15111314012638985,0.16929857673183565,0.5778104838709677,6.47775166960965e-108,5800,-0.3647138024056593,0.3667174413927232,-0.42531100284286716,0.4518495334469413,1.5760054558749768
0,30,0.19578315485869685,-0.14693565029771097,0.20242853318491288,0.5862701612903225,2.9195720119238244e-111,5947,-0.41219463764210384,0.4105046019839812,-0.4616343679012682,0.5075118165773955,2.82794484779963
0,31,0.19282823752972386,-0.14660146832466125,0.19784477449232532,0.5614354838709676,4.9882658584732724e-102,6348,-0.4152535984083807,0.42319459236023727,-0.40433524911571195,0.4522462407020398,2.6587414413523756
0,32,0.2081447095279732,-0.15183238823327325,0.16783371087043517,0.5504354838709677,4.267108451623004e-98,6487,-0.41117038123337407,0.4252647372184277,-0.4260086039823177,0.4901172097920943,3.037544108055929
0,33,0.2023629504105737,-0.15082054380928317,0.17545758524248678,0.5313145161290322,2.7367140385162784e-91,6637,-0.38864748002227634,0.40420399024966014,-0.37362364812625903,0.4382893606433357,3.429719013740927
0,34,0.21287969788236002,-0.15576344211736032,0.18254363152288622,0.5499314516129032,9.203805638033395e-98,6780,-0.37646652718607637,0.39907903904849,-0.40127525294998645,0.4969355575607775,4.409045239125764
0,35,0.22410037104160554,-0.16255232343269932,0.19117232291929184,0.5323387096774194,1.7540073905178545e-91,6925,-0.34988611269010345,0.3763793454954173,-0.374676075845867,0.49488529827098043,5.781602670136612
0,36,0.25743704625675756,-0.18356550352707987,0.19072594181183847,0.5418024193548387,2.645466246293505e-94,7350,-0.37413823088691484,0.42247605737227467,-0.38969034212860787,0.5359081414499298,5.504496798621867
0,37,0.29878089324601237,-0.22681386816886165,0.16554180076045374,0.534483870967742,2.614725791408619e-91,7549,-0.3060849954498163,0.3727010696513845,-0.2890409631684655,0.5142734103836271,10.057319025316827
0,38,0.3950954786231441,-0.3300653950821969,0.21925791809635778,0.4605846774193548,5.4494705614994015e-67,7689,-0.2912842426439293,0.4297310407854009,-0.2556596235658591,0.5995059779368804,11.034717402645661
0,39,0.5217439022756392,-0.49776653176353824,0.21440319380452555,0.26783467741935485,3.856273551718021e-22,7831,-0.21578075532727253,0.4404213706731496,-0.1763116615037011,0.6328417587892273,10.534155600042993
0,40,0.5666703596230476,-0.599707126136749,0.2943404869687173,0.45628225806451617,1.0904351162978494e-61,7976,-0.1279354356294103,0.4466672672687976,-0.08522845929759472,0.744176439396898,9.449429632988528
0,41,0.6663564914657224,-0.6618939287239506,0.36950588562796194,0.18818145161290328,8.881460035539802e-11,8433,-0.07788245812402367,0.4406840313210489,0.0938838883791118,0.749376786625484,17.163399722638303
0,42,0.6762953294861701,-0.6759434496202776,0.351366261801412,0.17917741935483866,7.891590712224842e-10,8689,0.05539821213537659,0.4922587802261047,0.17560806055128972,0.7684336947267426,6.451615511525571
0,43,0.674302714486276,-0.6746281712285934,0.43243899653034823,0.17099193548387098,5.540866070982814e-09,8862,-0.039598803809218694,0.41747116227566355,0.16971546497960444,0.7580006473530182,18.038838826871704
0,44,0.6770064907689248,-0.6762946517236771,0.4531972091044149,0.16143951612903223,4.630300418234467e-08,9024,-0.009015439440570771,0.43152180274914664,0.15478462656387898,0.7953920437184437,12.209081945297422
0,45,0.6783842146396637,-0.6785682430190425,0.4981660193973972,0.17434274193548388,2.3890741789620165e-09,9202,-0.010295844514483374,0.5041265815040786,0.18503159306902148,0.7822069255523495,14.478717274741154
0,46,0.674147786632661,-0.6726861230788692,0.5255831434361397,0.18303225806451612,2.946796989977091e-10,9665,0.01867244763951063,0.45974557016468165,0.16140453439613708,0.7877124333877477,9.254010129622069
0,47,0.6710525808795806,-0.6710136215532979,0.5317764561022481,0.19509677419354837,1.3358709346243035e-11,9826,0.04442508690113716,0.48414678209746664,0.1527862072995721,0.7953210257859971,5.631648117576613
0,48,0.6710544516963344,-0.6665948465947182,0.5564440736366857,0.1701129032258064,5.956715333540415e-09,9979,0.033132795101847794,0.4682146376777323,0.24090866122271617,0.7935533187097478,12.83961835538972
0,49,0.6685916935243914,-0.668670158232412,0.5492261010071924,0.17718145161290322,1.1406076961868342e-09,10124,0.02947689988752395,0.45145387513108354,0.20416524870492594,0.76893250345327,11.134217186435166
0,50,0.6660756911000898,-0.6657022939574334,0.6016592424242727,0.19974999999999998,3.6055588103327476e-12,10288,0.04428844050781028,0.45661857976650366,0.1990761480960278,0.7922540161150472,8.56523435123228
0,51,0.667832859100834,-0.6638951397711231,0.5896464468490693,0.19806451612903225,5.531676949684414e-12,10869,0.04957752824546848,0.44714894894728796,0.2013181459936884,0.796822402984087,7.852307725610921
0,52,0.659607159514581,-0.6596835813214702,0.5906103878251968,0.20692741935483866,5.123016244730035e-13,11025,0.021409842057854702,0.46266965076386973,0.19442048167138634,0.7785651101165275,11.371501673885506
0,53,0.6675680952687417,-0.666074150992978,0.5952841887070287,0.17208467741935482,3.988240122018253e-09,11218,-0.023281651819934506,0.4422017866839449,0.18679617516986202,0.7907684052023551,16.30463982140076
0,54,0.6668152684165586,-0.667792905722895,0.6006794716081312,0.17831854838709674,9.195765808678384e-10,11366,0.003920188851309772,0.4737683788906698,0.19186343180320714,0.7855904980130318,13.250499636497162
0,55,0.667789751483548,-0.6656885156708379,0.6435704486023995,0.19957258064516128,4.239603449236406e-12,11559,-0.012698874340650094,0.4275902975249485,0.1456931659090604,0.7915662507033834,12.130067291773345
0,56,0.6727894554215093,-0.6705756216279922,0.6352320097146495,0.17516532258064518,2.0747934079274867e-09,12005,-0.033447864064671776,0.47037791087923914,0.12810420576566844,0.7928953643446988,13.245060146811964
0,57,0.6651930972453086,-0.6663072859087298,0.6085261591980534,0.15503629032258065,1.7670904421880783e-07,12185,0.01715371996849709,0.4790342481230828,0.16241455370974736,0.7785588398137534,9.732611598214566
0,58,0.6724778144590317,-0.6716808417151051,0.6904796698401051,0.14535483870967747,1.296392171092495e-06,12335,-0.03509492083774055,0.46984882979680587,0.1185159821100673,0.773609050447507,12.98164838300867
0,59,0.6764470531094459,-0.6765485982741078,0.6310348616492364,0.1359233870967742,7.933311854793234e-06,12498,-0.12119901858278674,0.48081573521459076,0.053930436952371825,0.7922296594502488,18.042150612751485
0,60,0.6748658937792624,-0.6749976623442865,0.6707150743853662,0.15677016129032256,1.3054401767624026e-07,12681,-0.1255410739577597,0.5068264946022345,0.04406672811549692,0.8019849741245679,17.057236930883604
0,61,0.675382734306397,-0.6742530628558128,0.6536500670256153,0.13195564516129032,1.615079308781478e-05,13124,-0.12312469273448011,0.4775568047787714,0.08861397273286255,0.7645831601563413,21.068264981422328
0,62,0.6795094897670131,-0.6783096444222235,0.6642309465715962,0.1276653225806452,3.4365432124108516e-05,13324,-0.09445145186708517,0.4205713035156197,0.019075132492828547,0.776417942429206,14.064784919524323
0,63,0.6816337502771809,-0.6822399535486775,0.6849167741114094,0.13402419354838707,1.1170199907818462e-05,13499,-0.11832941522671707,0.4962052684642182,-0.07829503660126916,0.7487562295446574,7.44320328922104
0,64,0.6806883706200507,-0.6788953446572826,0.6466535829728649,0.13260483870967743,1.4426249253268967e-05,13684,-0.11611126503483302,0.4963142742498719,-0.07472132974153006,0.7706499476874593,7.629344443178528
0,65,0.6827286299197904,-0.6829731243271981,0.7018583123722384,0.1320645161290323,1.5804225811981784e-05,13852,-0.16097243759047208,0.4478065609468689,-0.09079994098550982,0.7687383484397012,13.035611949264556
0,66,0.6847541264949306,-0.683728713181711,0.6437128118930324,0.1467096774193548,1.0123504580543256e-06,14419,-0.1459364789036091,0.4661235226261735,-0.09883655477371325,0.7663538550504219,10.0357143391812
0,67,0.6811037746167952,-0.6806114277532024,0.6570992325582812,0.1253629032258064,5.029411164135287e-05,14595,-0.14661207914604044,0.4318902164867897,-0.13246816821713148,0.7494193176964603,8.726487062041468
0,68,0.6845449468781871,-0.6832348608201549,0.6432320283305261,0.14957661290322577,5.751502773010805e-07,14757,-0.15509160655728646,0.4513133614940573,-0.0869608771616008,0.7577944905326481,12.418675850565178
0,69,0.6799438586158137,-0.6795871719237296,0.6976623304428593,0.1609556451612903,5.3173370160477083e-08,14962,-0.21943667207972822,0.47448718753390584,-0.05013298585036681,0.7448380824328245,20.968570994744464
0,70,0.6846731891555171,-0.6817146943461511,0.666945868922818,0.12814112903225805,3.1188298132032815e-05,15122,-0.18828592446585624,0.503238102816762,-0.12965145909089515,0.728627687042485,10.423709483070821
0,71,0.6837889629025613,-0.6826196649382191,0.670311463456,0.17547177419354842,1.9324477305877336e-09,15565,-0.19658743509535462,0.44861191409492995,-0.1643825116736029,0.7214940893774497,10.82867853943104
0,72,0.682600095387428,-0.68202375884979,0.7012823339431516,0.14241129032258065,2.1799806059086933e-06,15694,-0.25546187858001834,0.5087655099134725,-0.218477876536607,0.7312421787084743,10.027288985877668
0,73,0.6837660256893404,-0.6830175038306944,0.724012178759421,0.16613306451612903,1.628581486620115e-08,15848,-0.29443714733236664,0.5005796336465879,-0.13538455442332573,0.7401939937937093,20.098654642893088
0,74,0.684439193817877,-0.6829414579176134,0.6522506619653394,0.12710483870967743,3.705676988718523e-05,15993,-0.2486974660064148,0.4622391969736786,-0.1505293582759255,0.7512148478742954,16.950545896528276
0,75,0.6821082570860463,-0.6810850616424314,0.6768762363541511,0.1517459677419355,3.6291691908087806e-07,16164,-0.2282236845053093,0.46138938044726996,-0.14916336631101634,0.7484822812615545,15.048355198828736
0,76,0.6836453541632621,-0.6822045301237414,0.7282694856966695,0.14989516129032254,5.204967696036753e-07,16688,-0.26836201473185156,0.47279789465219274,-0.19585087490290523,0.7388299481852456,14.732778390560771
0,77,0.6824291752230737,-0.6815958167276075,0.7788663059473038,0.16812096774193552,1.0450288630170823e-08,16916,-0.25037718628477346,0.45716450569899664,-0.17832336488868486,0.7468355675655545,15.279198306315532
0,78,0.6822921210719693,-0.6817570405621682,0.6721843038835833,0.17070161290322583,5.812620401904635e-09,17092,-0.21615251073365016,0.4809067473505344,-0.19626599836593508,0.7291925836787007,9.137970773795814
0,79,0.6825201155677918,-0.6819322484154855,0.6836394018703892,0.1833024193548387,2.8516146477635584e-10,17225,-0.2703401573409131,0.5190621770084272,-0.16988976238234374,0.7320358445474195,14.44577457857834
0,80,0.682435558688256,-0.6831636947970237,0.6230531536763714,0.16010887096774196,6.169635665625391e-08,17359,-0.23895426836469358,0.45581476942919463,-0.20580828682046362,0.7283837056160303,11.887230527838874
0,81,0.6861920164477441,-0.6853335490149837,0.6610313327081742,0.16710887096774196,1.2964056809458846e-08,17962,-0.2608947963832371,0.4427458456940159,-0.20105340325963916,0.7568778838346486,15.633144814160403
0,82,0.6792696022218273,-0.6783293370277651,0.675915676739908,0.16961290322580647,7.475449573114873e-09,18104,-0.24712726421425182,0.49984532078369875,-0.24915101680403776,0.7023722403426036,6.777120956324271
0,83,0.6844990051561787,-0.6843162996153678,0.6604409467789435,0.1578306451612903,1.0037128230048406e-07,18281,-0.25608088547179536,0.5021945329672417,-0.19331869979740726,0.722857354090919,12.04550307990685
0,84,0.6842535926449683,-0.6850935288013951,0.5863567071576272,0.1536088709677419,2.456966855655345e-07,18413,-0.2113751799406607,0.462064945515363,-0.19953285889297412,0.7103239492118008,8.891825298445942
0,85,0.6832265844268184,-0.6811688465456809,0.7122576207883896,0.16568951612903227,1.7862926775571724e-08,18555,-0.30431171722747113,0.45262333049297876,-0.20472721033794886,0.7370937153332857,18.391485979425745
0,86,0.6858647994456752,-0.6874191261106922,0.6101761657384134,0.14365725806451612,1.7349334248402768e-06,19069,-0.29501497972325086,0.4430048609254569,-0.2571891039001991,0.7449679288405995,14.614789802022221
0,87,0.6856245600408123,-0.6862522152162367,0.6500987112522125,0.17951612903225805,7.272623471910468e-10,19270,-0.2894398570280449,0.47162468734696017,-0.16777921471023016,0.7142935909470415,18.31928808815161
0,88,0.6820920455840326,-0.6817798797161349,0.5736109989304696,0.16254838709677416,3.6417879318577125e-08,19575,-0.3160204356961402,0.42858318188543704,-0.15283182010023838,0.706915193787189,24.20427834564206
0,89,0.6886204586875054,-0.6869760665201372,0.5867137394605144,0.12652822580645162,3.990544490507198e-05,19837,-0.3177113977264322,0.5105433616595703,-0.16187298690056234,0.7028914212590962,18.925162071460885
0,90,0.6871940474356374,-0.6864915134445313,0.5605813207164887,0.15951209677419353,7.008415173358133e-08,20012,-0.2703998826299051,0.47088526733042335,-0.1818268999962329,0.72111153925903,15.714027823356307
0,91,0.6811172616097235,-0.6801316920788057,0.6070155299478962,0.15106854838709682,4.0273794479445986e-07,20634,-0.3192491521102006,0.4883871761220586,-0.20281451641434997,0.7232216589750486,17.50666291761662
0,92,0.6852560668222366,-0.6864549508017879,0.58743604825389,0.14243548387096777,2.263896158962303e-06,20854,-0.28910981433318933,0.4390441281245545,-0.19794730437731678,0.7298440757017965,18.190203269445625
0,93,0.6813789740685494,-0.676538021333756,0.6057773876574731,0.15593951612903229,1.5186824499590627e-07,21027,-0.28315610618181636,0.39985460910676873,-0.20901135619623143,0.6949072334223374,18.56410762698783
0,94,0.6861576947473711,-0.6839409057171114,0.6150333727559736,0.1678870967741936,1.0801835812475436e-08,21163,-0.3424695325976073,0.45655842989500206,-0.23818161464700802,0.6750157471132038,17.43840674145465
0,95,0.6890462127424055,-0.690443362920515,0.6150889617781485,0.1756411290322581,1.7981586401944725e-09,21346,-0.2543669682362309,0.4401768454091143,-0.27828366428827067,0.6761061319615508,7.650573097836528
0,96,0.6980580437567926,-0.6966811995352468,0.6051111009813124,0.177741935483871,1.079802578617177e-09,21844,-0.3196770940999909,0.45495698655035205,-0.18589021143764897,0.7159514597171375,20.538990279869854
0,97,0.6870089538635746,-0.6806136744637643,0.5970190215495325,0.15214919354838707,3.294462468037172e-07,22030,-0.29081520351195356,0.4867418050961471,-0.19934671615455868,0.6811417960043378,14.544253728481753
0,98,0.7036985101238373,-0.7058757053267571,0.6297281490218255,0.13496370967741939,9.330186523360271e-06,22178,-0.2856279237874792,0.45946590366334783,-0.19360406460002524,0.6835159269960124,16.052602783855754
0,99,0.6971047386046378,-0.692370627676287,0.5142001855757928,0.16441129032258062,2.4894954146139905e-08,22324,-0.3001927054264537,0.36161263325430193,-0.19668510983306256,0.6335646211525886,22.451218297517592
0,100,0.6886499245320598,-0.6942873563497297,0.5199283755594685,0.17488709677419356,2.2239882815205603e-09,22459,-0.2777175039495141,0.419433882377996,-0.23475574253568043,0.6699439707207635,14.198501142635054
0,101,0.6919398759641955,-0.6883047309613997,0.5724233456196324,0.18818548387096776,8.084090085827074e-11,22979,-0.2831445746389751,0.47887629163626594,-0.26992234174719576,0.6698458244561032,8.646940733723504
0,102,0.6871030224907783,-0.6818815835060612,0.5706874314815767,0.25341129032258064,2.6362287690212173e-19,23125,-0.2989689727529734,0.45931258860692253,-0.2684911772361108,0.7242649163572712,12.720141575713741
0,103,0.6906210097574419,-0.6896589340702179,0.6177057844977225,0.2421774193548387,1.2745050375124393e-17,23352,-0.2980094655294979,0.49215689907048404,-0.23903847128632352,0.6950575585586549,12.216929854133168
0,104,0.6913338995748951,-0.6823934258953217,0.6871357021793243,0.2687983870967743,1.3851425872101542e-21,23500,-0.2924121417301669,0.4783006919158749,-0.27353173264562725,0.70475504805426,10.22740852255495
0,105,0.7045546933527915,-0.7054851237804659,0.5964776767838386,0.1736612903225806,2.9965902401283306e-09,23639,-0.33759429003126795,0.44906301796144316,-0.21717164636869643,0.7208256444678456,20.168327218524183
0,106,0.6990693836442886,-0.6894552169307586,0.6562660509540189,0.1525241935483871,3.155603185395637e-07,24171,-0.2334267964841124,0.45603634824356004,-0.20300333762451592,0.6858495837307581,10.617965262411877
0,107,0.6864138928151899,-0.6873936951160431,0.6174773871898651,0.1966048387096775,9.595028216270625e-12,24333,-0.3266365952757341,0.44338034194215514,-0.2281769851566006,0.7038680144817566,18.417491731565377
0,108,0.6915355430495355,-0.6879588096372543,0.6235349284064385,0.2209475806451613,1.0225227099897193e-14,24464,-0.3013334608759749,0.44619466787761003,-0.2111628532999866,0.676955765072389,16.7084920575353
0,109,0.6900315121296914,-0.6865047966280291,0.6530228882066665,0.2375846774193549,5.349566049679161e-17,24629,-0.29530766981251494,0.49149711468127155,-0.3077617699253309,0.7182810143174396,7.805161733048194
0,110,0.7038354950566446,-0.7060926287404953,0.6116028927987621,0.16357258064516134,2.9119819173864663e-08,24828,-0.28026194465666615,0.4378810872549191,-0.2610408342584271,0.6595711212544672,11.028567130139933
0,111,0.6943571490626181,-0.6872337508586145,0.638023691792642,0.13820967741935483,5.132576179961904e-06,25283,-0.3377241804280233,0.41152174111034734,-0.2889731593638522,0.6840498712130103,16.473388408471006
0,112,0.6810436681393655,-0.6816963966815702,0.5937169521085678,0.21596774193548385,4.229275131880661e-14,25486,-0.3825658599236025,0.45535322172904347,-0.2565211541149811,0.7258860909599641,20.572442931063822
0,113,0.6953977365647593,-0.6952129775477994,0.5727740064744027,0.27578629032258073,1.0763005264055375e-22,25630,-0.2961423849937314,0.4484191449093351,-0.22020969667438495,0.6835298773528851,15.584194175095506
0,114,0.6928987579960977,-0.6836866803707615,0.6169611119454906,0.2416612903225806,1.61295114655251e-17,25764,-0.29092930226899655,0.44219531504596754,-0.26748558379271425,0.6787810058501172,11.833940508649913
0,115,0.6998870776545617,-0.7027622711273932,0.6428944949180849,0.12771370967741935,3.3837568657070334e-05,25900,-0.2987062822251011,0.4593119198465674,-0.2780981558834048,0.6674348314504681,10.417441731334966
0,116,0.6966982368500002,-0.6931940115267231,0.6122866955495649,0.19244354838709676,2.877074265918337e-11,26345,-0.31634470087915134,0.40687923582780516,-0.2643945131326156,0.6931908322200844,16.987039944686412
0,117,0.682588707054815,-0.6775005104080323,0.6525131002549203,0.24751612903225806,2.1130310599742744e-18,26490,-0.32915149081544204,0.43348735382862824,-0.2927597937638547,0.7131107242170929,14.889719064573194
0,118,0.6978095164222102,-0.6968191833265366,0.5799294671704692,0.22900403225806454,9.010039474648645e-16,26625,-0.3102602322963079,0.4025546963027906,-0.24671504583749118,0.6920519503119832,18.001410011619374
0,119,0.6974994088372877,-0.6923109091097309,0.5703469091846097,0.15976209677419356,6.7256857070147e-08,26757,-0.3247752005154615,0.4589627508479105,-0.2924792395024523,0.6670904018275856,11.609742959264388
0,120,0.6910104847723438,-0.692213931391316,0.6069937752139184,0.18940725806451614,6.301032861311083e-11,26891,-0.2902956969838633,0.4836510095830842,-0.2508076177947929,0.6889226271185703,10.968482484414368
0,121,0.6929842695113151,-0.6905566280887973,0.6486018867261948,0.20897983870967746,3.2822281451223836e-13,27332,-0.274835330735021,0.4620287453336145,-0.3008868879293984,0.7191752199580793,8.042723893331036
0,122,0.6879670427691552,-0.6832305875516707,0.7172122895717621,0.2329596774193548,2.448862853179978e-16,27473,-0.3299197151914396,0.4439518552078248,-0.29602151949163724,0.7139827521849468,14.098439134433198
0,123,0.7015421957738938,-0.7051306203488381,0.7101799980286629,0.18968145161290328,5.892805623125854e-11,27609,-0.32320705912078895,0.4878559237439092,-0.2685023192546566,0.6701431507202285,11.690473034171387
0,124,0.6945571716754667,-0.6914461428119291,0.6026751302903698,0.16168951612903226,4.532265308790452e-08,27757,-0.2884285993380064,0.422711133159274,-0.255125222131932,0.6885538589728508,13.97606151797712
0,125,0.6895208772151701,-0.6906834658115141,0.6085813603093547,0.20760080645161288,4.863752224822522e-13,27913,-0.29095820395550404,0.41438181248194567,-0.2801328036255607,0.6853709205368971,12.843223594315685
0,126,0.696014162032835,-0.6954659915739491,0.6507927333154986,0.20959677419354839,2.771728962270486e-13,28435,-0.3350192070507391,0.43156688816750854,-0.2272390871730529,0.715690829544129,20.206508218898477
0,127,0.6936397869740764,-0.6902158644891554,0.563391012530173,0.23722580645161293,6.294797388551112e-17,28599,-0.3071649310551327,0.43465302206004564,-0.2986748523448787,0.6721955001608158,11.291578674582436
0,128,0.6908751822287037,-0.6944609765083559,0.5899400480331913,0.16876612903225807,9.381144994494102e-09,28811,-0.27791168560383184,0.4353645131807125,-0.25301430665308733,0.6643320629623539,11.702227107381171
0,129,0.6979645567555581,-0.6971095627354037,0.6270453372309285,0.17691532258064518,1.383163000327102e-09,28980,-0.28488728878414915,0.4803961233395857,-0.29975518020059,0.6942030304047698,7.314464527735498
0,130,0.6911618017381237,-0.6908336570186,0.566335831919024,0.21951612903225806,1.5321426647650635e-14,29118,-0.3474307892658967,0.4588848577045856,-0.2830044123720162,0.7247358112846924,15.799775376950706
0,131,0.6945135189640906,-0.6961021000339139,0.6807204311893832,0.19442741935483873,1.709890642662642e-11,29767,-0.29480600467108664,0.44868571517547284,-0.28992536907428273,0.6924416105993616,10.587586891774057
0,132,0.694927679915582,-0.693178916169751,0.5080653755895553,0.23307258064516126,2.5327626117509833e-16,29903,-0.26512306864421403,0.4474926306653749,-0.2751609257609668,0.6425368542574031,7.462578414565676
0,133,0.6943703053459045,-0.6957559316389023,0.5471208595460461,0.1657540322580645,1.8340657255033473e-08,30062,-0.2659750825330531,0.43897361633865767,-0.2989986629757764,0.6704593706806944,7.176761964328704
0,134,0.6924729818297971,-0.6942615124487108,0.6977830106212247,0.21794354838709679,2.5916418402959184e-14,30200,-0.26886561623420385,0.44594572046121334,-0.21468590534218795,0.6909700895977311,13.826107739492478
0,135,0.693315944363994,-0.6929254512633046,0.6513614385358749,0.21475403225806453,6.510119385637618e-14,30404,-0.26719211502747037,0.4624079001796643,-0.28523990230833884,0.7049368952141937,7.990691063243387
0,136,0.6974521779244945,-0.697357585353236,0.620369226701798,0.20210887096774194,2.2591709973433117e-12,30854,-0.29605853495814033,0.48813989045460005,-0.2276443089908338,0.6881986694180449,12.93362770615561
0,137,0.689065953416209,-0.6835625277411553,0.6501924491697743,0.279625,2.644206657281837e-23,31006,-0.2990301135720437,0.429826459418012,-0.2305621527269249,0.6952450857570899,16.479398947507438
0,138,0.6951103412335918,-0.6985371333937491,0.648806514278535,0.2665282258064516,3.4072501516563615e-21,31217,-0.19107137292354784,0.456487772161973,-0.24276997815665843,0.6836093032695597,3.1611842901810396
0,139,0.6928800277171596,-0.688458506138094,0.6176724741535802,0.27160483870967744,5.433110715504176e-22,31362,-0.24902444620487005,0.3934005198199454,-0.2024348329631545,0.6915981138462524,16.018946104103357
0,140,0.7002835360265547,-0.7020606956174297,0.6181178862048734,0.16768548387096774,1.1991388268991285e-08,31493,-0.23804353020361899,0.4345729558690488,-0.30557910305298897,0.6754184926161021,4.368963893596496
0,141,0.6958621144294739,-0.6918991650304487,0.6838836093102733,0.17623790322580646,1.662924456758247e-09,32012,-0.2763520268175646,0.4468413894188574,-0.23735212925659965,0.6942821835590521,12.861131776906866
0,142,0.6883470194955026,-0.685840630723584,0.6735665355959246,0.22822580645161292,1.1534159715654119e-15,32145,-0.2424557348445346,0.420341030505221,-0.2731256735830106,0.6916950024140236,8.429363330881571
0,143,0.6902981044784668,-0.6890863266683394,0.6415438209810564,0.2901612903225806,4.843060312816569e-25,32285,-0.2592237245090187,0.4093391636250604,-0.18600816403361703,0.6980755512849062,17.424723273012674
0,144,0.6920530747982764,-0.6883260751924207,0.594239063801304,0.3197379032258064,2.5877834113015912e-30,32420,-0.3022982462329358,0.38578158093064163,-0.2005283944151308,0.7026769404720694,22.154661171467257
0,145,0.6963478903616628,-0.6976209100215666,0.6478161658010175,0.21746774193548385,2.717253146967485e-14,32648,-0.2312446283705982,0.3641940028933201,-0.13669017535051392,0.696156277932263,21.304768841642034
0,146,0.6933120162256302,-0.6865993276719125,0.5698955059051514,0.1815887096774194,4.549830652165874e-10,33135,-0.21588242521602963,0.46120802662955335,-0.15473715759103404,0.6896475966872717,12.437276440271505
0,147,0.6776916336628699,-0.6695393477716753,0.6279123983075542,0.2734475806451613,2.5992579699144205e-22,33284,-0.30090755576010203,0.4151936549497619,-0.2153337030528308,0.698684245386765,18.803116310249425
0,148,0.6882736798255674,-0.6933892974930425,0.6690646813761804,0.2785362903225807,4.156242788425559e-23,33499,-0.30419862432226735,0.440997567786626,-0.18074469671714374,0.701080511149615,20.14122539707268
0,149,0.6958897238777529,-0.6930928893627659,0.652023034711038,0.2499435483870968,1.0870039269448082e-18,33667,-0.24728909097896268,0.46439031988868945,-0.31057061477667913,0.6780803054083879,3.4269542786302294
0,150,0.6849977922055029,-0.6813074552243755,0.6713038086891174,0.23834274193548388,4.850160079441928e-17,33834,-0.2679128572286665,0.4042646168353199,-0.28844766152259077,0.7107706375747023,11.44460925186365
0,151,0.6844653852524296,-0.6854274888192454,0.6561777687841847,0.26745967741935484,2.318958867397476e-21,34272,-0.24758176783745509,0.4635346132959965,-0.31902309926564376,0.6958945580104269,3.479013277789656
0,152,0.6897299078203016,-0.6846772240054223,0.6573473695785769,0.27345967741935484,2.3609018670310976e-22,34419,-0.33830862245186977,0.41708326855199174,-0.31754934830188236,0.7175457213625176,15.174783028241183
0,153,0.6887602536909042,-0.6895434096936257,0.630336727826826,0.1972056451612903,8.021086083134855e-12,34604,-0.3739683639969047,0.43671312244241506,-0.33747699457246483,0.7061816660210595,15.031612048076305
0,154,0.6865276405888219,-0.6867323142866935,0.6596695915345223,0.24043951612903222,2.3458664569476924e-17,34897,-0.31013112434850326,0.43786692282813106,-0.3115563842960847,0.6922852111190357,11.079393666688931
0,155,0.6884100639051006,-0.6856182121461437,0.6147866249084473,0.24151209677419355,1.4035285129688552e-17,35049,-0.3104681599840387,0.4251299097974446,-0.3537956663766795,0.6828004709602336,8.749180908706178
0,156,0.696986012881802,-0.6935913428183524,0.6289533645875992,0.16620967741935483,1.5450576626901907e-08,35544,-0.2522993816049381,0.4322961140680407,-0.323973726698038,0.6861030958872585,4.992562245696641
0,157,0.6877356190835276,-0.6848015044966052,0.7350405195067006,0.18181451612903227,3.946039006464304e-10,35796,-0.33261980612675907,0.48779308973947655,-0.3192470369672733,0.7010969159633174,9.807251794371304
0,158,0.6851195616106833,-0.6833514042439,0.7043495976155804,0.2346209677419355,1.3906199215973924e-16,35941,-0.3193661708640677,0.41823542017172194,-0.3053128088423444,0.7070499210596839,14.010214322260442
0,159,0.691656244377936,-0.6911114588860543,0.6134169649693274,0.18092741935483864,5.084680992350242e-10,36076,-0.3433325939998095,0.4638892303177033,-0.30610724874637724,0.6966826468734029,12.786150205783317
0,160,0.6886944761199336,-0.688734358356845,0.664614618305237,0.15230645161290324,3.1207718157449307e-07,36228,-0.3119805369365721,0.46561450946496497,-0.28511874231823897,0.713934320384343,12.05375840491065
0,161,0.6836054075148797,-0.6817635884208064,0.6326567362393102,0.20959274193548383,2.1908792791481766e-13,36718,-0.35502737737354656,0.4655967416618262,-0.39099211853229854,0.7003778815050794,8.153464310714881
0,162,0.6928669377680747,-0.692865147706001,0.5773525721123142,0.1981895161290322,6.103482950292342e-12,36848,-0.2913188366481561,0.41953291502680806,-0.31389663348371627,0.681586149132408,10.047780964406876
0,163,0.6922001973275216,-0.6904423525256496,0.6342084215533349,0.16223387096774194,3.6858533063268245e-08,37028,-0.2917144899950702,0.4443693128659098,-0.2957536814632781,0.675539008703061,9.639644899045978
0,164,0.6890581096372297,-0.6884635984897614,0.6147905221629527,0.13476209677419348,9.029091569886801e-06,37208,-0.3384680664719052,0.4824916224574836,-0.32661982339109885,0.642309391236051,8.095949244925428
0,165,0.687398475024008,-0.6842379584427802,0.571216112663669,0.1848629032258065,1.9243327989290007e-10,37347,-0.30219482777113593,0.42586463341221853,-0.3177512724958661,0.6860482069522279,10.507859966565485
0,166,0.690371528748543,-0.6910158463062779,0.6116396097406265,0.23629435483870964,7.932985751752625e-17,37858,-0.31969656320438194,0.5084979636914716,-0.3745504296014278,0.6723312863805081,3.0360566347347935
0,167,0.6959804594516754,-0.6966363604991667,0.6326065601841095,0.19533870967741934,1.3259304450172387e-11,37994,-0.3375851449295229,0.4624899750392908,-0.3395021680518714,0.6271273878986463,7.6974381981641296
0,168,0.6974641517285378,-0.695315795560037,0.6388921699216289,0.16109274193548384,4.9405466474517784e-08,38124,-0.304806701313042,0.46546810148754625,-0.3396660901812004,0.6702248057676162,6.342715780625669
0,169,0.6964645837583849,-0.6945109953803401,0.6322451137727306,0.16212096774193552,4.007568844062371e-08,38319,-0.3311892948168788,0.43505350800329184,-0.28465896749776415,0.6658299290294493,14.132684890530562
0,170,0.6893328553245913,-0.688680273871268,0.5773379690945148,0.18405645161290318,2.32481851641984e-10,38566,-0.33926384290584394,0.4772952673192277,-0.2990608918681719,0.7066458362852722,12.466746348036802
0,171,0.6880145611301545,-0.6847347722899529,0.5849865715830557,0.2350120967741936,1.19201688947806e-16,39234,-0.34944981036830913,0.4687385292617529,-0.31368011614143443,0.6597887474601127,11.27735407577427
0,172,0.6985940673658925,-0.6996702090386422,0.5626989510511199,0.2173225806451613,2.885560307541892e-14,39392,-0.30737648309315885,0.46278500131027056,-0.29036365442778167,0.6418243196325095,9.249487256253133
0,173,0.6926891226922313,-0.6956951099057351,0.6064555394433199,0.13504032258064513,8.83187679781603e-06,39526,-0.346156174540434,0.45120116321453935,-0.3256931514266051,0.6519695969463956,10.95044862050527
0,174,0.6985968620546402,-0.6960323856722924,0.5672216677377301,0.11620967741935485,0.00022408371304125243,39655,-0.29986313976932555,0.41544748735387715,-0.2943338427171943,0.6364865246260036,11.003641467335406
0,175,0.6954688574037244,-0.6918430299528183,0.6388125429230351,0.12189112903225803,9.056250579831902e-05,39816,-0.32113013658890677,0.468439291719931,-0.2899294035637649,0.6425541085759258,10.14632348405988
0,176,0.69072433440916,-0.6917008747977595,0.6018182846807665,0.20083064516129034,3.190308845066502e-12,40280,-0.3213982257073486,0.4365296999211424,-0.2833395878440993,0.6448727099658833,12.643248679395969
0,177,0.6952855654301182,-0.6913328757209163,0.5248282047048691,0.18272580645161296,3.4520454204764995e-10,40413,-0.2923874698936722,0.4500915207579533,-0.26700271051783825,0.6090648735990758,9.336719901664614
0,178,0.6952970210582979,-0.6936606707111481,0.6201754380618373,0.1796491935483871,7.215769862738534e-10,40548,-0.3454795518987546,0.4388352542217737,-0.2841461806879837,0.654769865178737,14.753033071774446
0,179,0.7015645821248332,-0.7035575826321879,0.5066562546116691,0.15085483870967742,4.4411377855897024e-07,40793,-0.30081548947565206,0.4029902699113402,-0.3016106662656113,0.5875671227788186,9.567418938363419
0,180,0.6962955661358372,-0.6907240767632762,0.5406928257415852,0.1442903225806452,1.5997629132299757e-06,40937,-0.38217831871173136,0.4008883503523168,-0.35459160062954737,0.5710695097343796,11.794077391241503
0,181,0.6900071049890211,-0.6911350555958287,0.5564244378718638,0.181366935483871,4.71709858627754e-10,41383,-0.30725040159232103,0.4225718059703228,-0.32819403198399616,0.6171023514748697,8.015341166561956
0,182,0.6952190216510526,-0.6912427554207463,0.5388294963106033,0.20290322580645162,1.839633084476189e-12,41535,-0.2686706108477619,0.41605259780725506,-0.30967119890966516,0.5894959764319303,5.139175412792373
0,183,0.6895367974235166,-0.6849720016602547,0.5393093936145306,0.22120967741935477,9.498626226598026e-15,41702,-0.29910083953996425,0.4366642761780041,-0.34486565797797425,0.6307771769901672,5.743065694089042
0,184,0.6998339353069183,-0.6992866867972959,0.6748672131328813,0.11764112903225807,0.00017799580405836028,41884,-0.2633420158004454,0.46713852617867124,-0.31052002251506944,0.6489204431428707,3.8395004193740516
0,185,0.6910448862660316,-0.690449433941995,0.6703836631871039,0.15381451612903224,2.3614792774989235e-07,42034,-0.31319539029737825,0.4745509425230171,-0.3128385183060312,0.6763456825954887,8.601578885160881
0,186,0.6874375910528244,-0.6830638176010501,0.645706428635505,0.2204395161290323,1.049032464919257e-14,42505,-0.3864169593122165,0.4409272688887847,-0.36746820884321413,0.6434983524319977,11.50203993182396
0,187,0.6928164459043934,-0.6986026331301658,0.48168773516531915,0.2089677419354839,3.358365194785601e-13,42746,-0.316329546509781,0.4006308536414988,-0.32145043803328455,0.6164140875746229,10.752519891953833
0,188,0.7079363628741233,-0.7009770802913173,0.523539305213959,0.15746370967741935,1.0997131466013447e-07,42926,-0.33169120853978296,0.416242612027071,-0.2815839528900902,0.6581321487061685,15.386470469626177
0,189,0.6907370186621143,-0.6906094921212043,0.6002855386524912,0.1676854838709677,1.1521196966036906e-08,43078,-0.3127905831625862,0.46829519138100334,-0.34234925521303256,0.6311600189569717,5.264364566897296
0,190,0.6904454461989864,-0.6922517495770608,0.6574030401966264,0.235116935483871,1.3654281092562418e-16,43214,-0.30993376286037266,0.4425092225849737,-0.271947764770579,0.6202768798283428,11.333355740682155
0,191,0.6976570544704315,-0.6894376912424641,0.594602937900251,0.22585080645161293,2.1264157369067714e-15,43653,-0.3831738281749962,0.473718386260061,-0.39309861055824685,0.6359925951218568,7.248491775298818
0,192,0.7019796996347366,-0.7065221676903386,0.6712338972476221,0.11747177419354835,0.00018421329841596739,43793,-0.35061530978514155,0.40969374637606804,-0.32227688107989483,0.6532289286989575,14.296984965027104
0,193,0.6877129625889563,-0.6846725431180769,0.6133561226869783,0.19915725806451612,5.035527169318353e-12,43916,-0.34377058459633225,0.46130478297251243,-0.2946998708182129,0.637586585502935,11.887054858979536
0,194,0.6886873927808577,-0.683277266640817,0.6797666550884324,0.2793629032258065,2.7682450706268453e-23,44046,-0.3896588725531431,0.4659010649100629,-0.2816435464243443,0.6627328139547622,16.883426010107417
0,195,0.7055067641119803,-0.7057590667278536,0.6503401386641687,0.14297580645161295,2.113061156236296e-06,44191,-0.3024961188335194,0.4232229608382809,-0.2248173315947353,0.6578057854201138,16.686250341100358
0,196,0.6928020110053401,-0.6891585578841548,0.6111937840619395,0.17222580645161295,4.250584165567703e-09,44666,-0.28155590067526565,0.4080656965473166,-0.2636704881356472,0.6402410374994618,12.221443187942546
0,197,0.6884640137995442,-0.6840760111808777,0.6059654047412257,0.24970161290322584,1.1367019860986295e-18,44835,-0.2848320510091856,0.45299295889461905,-0.31515450587181637,0.621861645746207,5.285255217268987
0,198,0.7016198673555928,-0.7052875045807131,0.6656533593852674,0.11562500000000006,0.0002466988405810411,44977,-0.3325624461053878,0.45684863328256875,-0.28073518016758653,0.6346214898221577,12.189718200253298
0,199,0.6879974690175825,-0.688176735754936,0.6324976646611767,0.20458064516129035,1.161474059390076e-12,45117,-0.30356374713869094,0.40030405082493,-0.21495432222815658,0.6359329289592617,18.498260104836234
0,200,0.687555629399515,-0.6812342876388181,0.5480181159031007,0.19813306451612894,6.111452501043719e-12,45269,-0.3580092639752772,0.4275766358558058,-0.32703626448914247,0.6426715018102458,12.969207627611821
0,201,0.701362443547095,-0.7035124374012793,0.5999494217816861,0.11578225806451614,0.00024099483188883556,45778,-0.27829653216171174,0.4534303707656914,-0.20189581892578676,0.6586815146500987,14.498763727736936
0,202,0.6885449213366355,-0.6875477538954827,0.6798470729301053,0.18016532258064513,6.455686822630925e-10,45919,-0.23316073307582835,0.44561724142267256,-0.28396030969637626,0.6441110498786224,3.829378368288051
0,203,0.6920489841891874,-0.6860999041988004,0.5999075956642628,0.20725000000000005,5.490447713144491e-13,46054,-0.3244242718537723,0.48229516143869494,-0.2887358064658132,0.6259829079344738,9.165835252137907
0,204,0.6980942651148765,-0.7024279900135533,0.6362580766360606,0.10771774193548389,0.000810827191656264,46203,-0.24380733685214992,0.4533654902716463,-0.27676848204908855,0.6445661227109205,5.032057102591795
0,205,0.6912602320794137,-0.6900007042192644,0.5562177207921782,0.186,1.5346113359423136e-10,46348,-0.30002790633659887,0.4291922858309841,-0.18444648845032008,0.6432528597316316,18.955837875922995
0,206,0.6889542322004995,-0.689254580966888,0.5858985793686682,0.1817983870967742,4.294765249277801e-10,46791,-0.2898587439537697,0.43761550012283795,-0.24124957640124042,0.678155526428653,13.9361778675061
0,207,0.7007399201393127,-0.7002909462298116,0.6539149015180526,0.166616935483871,1.5266068616994437e-08,46936,-0.2513532935100307,0.4371005791354014,-0.21415455185904278,0.6681414410588837,12.129079108809167
0,208,0.6964422464370728,-0.6970973774310081,0.5690063518141547,0.1322137096774193,1.5485303893645557e-05,47097,-0.2680833704238808,0.41255899755123054,-0.22703816179008104,0.6539958837668699,13.871341103622333
0,209,0.6904861215622194,-0.6869376984334761,0.6103954356043569,0.1764475806451613,1.5611375559914175e-09,47236,-0.3217852810273375,0.4694552922603504,-0.27654905572213645,0.6508352314337693,11.407129571703317
0,210,0.6991814701787887,-0.7014896215931061,0.6349905284061548,0.15451612903225814,2.0953101297031392e-07,47380,-0.279658439205511,0.4116614003000997,-0.2237606480491379,0.6550860308907853,15.331016491690425
0,211,0.695712044354408,-0.6930349151934346,0.6023332378075968,0.12745161290322582,3.563902473668497e-05,47950,-0.23810856819204188,0.4027440168233685,-0.21340347897771197,0.6480673710861516,12.365937321537858
0,212,0.6863731828428083,-0.6827195613614975,0.6071510939828811,0.16815322580645164,1.0746591065810975e-08,48083,-0.34494188949307547,0.46095006432529867,-0.25308146798094633,0.6410981351567229,15.266296184141316
0,213,0.6959958143772618,-0.7041833323817099,0.6137609600780471,0.18282258064516127,3.297483606686511e-10,48218,-0.2853776686128774,0.4229632981027699,-0.19141053930655835,0.6029783249977885,16.396327802283647
0,214,0.6994188927835033,-0.6928696517021425,0.5489397831261158,0.11860080645161288,0.0001533763682178577,48382,-0.30092250684880273,0.4022384918834857,-0.23552845809183343,0.6298706336611216,16.298530540923043
0,215,0.6858290107019486,-0.6868264002184714,0.6165676869211658,0.17631451612903226,1.6327214093754968e-09,48511,-0.26648627359767624,0.4319517939619708,-0.27416180067884627,0.6202132863113211,7.824341281483551
0,216,0.6980811520930259,-0.6989685758467643,0.5300791494307979,0.19450403225806456,1.7410220461855438e-11,48957,-0.2643800153539286,0.3986430877133576,-0.23350734140789672,0.6135432925890637,12.71609498477307
0,217,0.6921957269791634,-0.6925018218255812,0.48235876726046684,0.11577419354838708,0.00024129577098207713,49096,-0.3345616294717209,0.40103212563987883,-0.2106795168449059,0.6299447899769499,21.344541573270725
0,218,0.6951226342108942,-0.6879821044783438,0.4377319586853827,0.16820161290322583,1.0666765463007338e-08,49233,-0.25379460277032445,0.4306965198046755,-0.2311025344054241,0.574792436075963,8.60616379413317
0,219,0.697259477069301,-0.7057522150778002,0.46000168292272475,0.14048790322580645,3.3620902316192838e-06,49552,-0.2675385310371265,0.4036093920064651,-0.19070425120138124,0.6007484570311803,15.92725301850742
0,220,0.7003646396821545,-0.6942006628359517,0.5455902108261662,0.15830645161290322,9.2870076800647e-08,49684,-0.22701567663451605,0.38143709129708586,-0.2624812287950219,0.5881799584458636,6.71006978573733
0,221,0.694384237450938,-0.7014316012782436,0.5495227336162521,0.14599193548387096,1.160840569162037e-06,50149,-0.2609296896476152,0.4060028964228688,-0.23175269362945505,0.6531140415493514,13.191165307004635
0,222,0.694225977505407,-0.6931019444619456,0.4918037835628756,0.1397741935483871,3.822865861371533e-06,50322,-0.24961096769384364,0.3768274178261257,-0.210985518195083,0.6082862617662993,14.391319370001927
0,223,0.6922614209113582,-0.6936816044392125,0.627744835230612,0.16040725806451606,5.9509961974677125e-08,50486,-0.29659969105208883,0.39452123273239426,-0.2294110805465592,0.6196154732652337,16.618772211741327
0,224,0.6929526088699218,-0.6932122640071376,0.5175877511501312,0.15979838709677419,6.694126124867677e-08,50660,-0.22339270891315116,0.44687959794366583,-0.24431177182715424,0.6321012083220872,5.428336761724366
0,225,0.6922001406069724,-0.6940231448219668,0.6790334466964968,0.18206854838709682,3.9406272452454617e-10,50829,-0.2675908102624463,0.4206462462844251,-0.20349061546197023,0.6652537659815717,15.454115505166868
0,226,0.6911632553223641,-0.6892544569507721,0.6878421080689276,0.1827983870967742,3.3736263561246594e-10,51267,-0.277040059933125,0.45676835854264763,-0.2881731661631945,0.6442286054850064,7.138045623476542
0,227,0.6975334036734796,-0.697753357310449,0.5783071945751866,0.17116129032258068,5.290230461622418e-09,51406,-0.2839494478673531,0.3611079861685995,-0.21626768572246297,0.655178370801418,19.911445120457614
0,228,0.694047833642652,-0.6972385866026725,0.6390486071186681,0.1471975806451613,8.880844542232734e-07,51558,-0.2829958754460856,0.35392560383120425,-0.175094682851972,0.6059297958914349,22.527897719328422
0,229,0.6933621802637654,-0.6885172436314244,0.5885192963384813,0.17052822580645166,6.2411334528368835e-09,51714,-0.2377376914005421,0.40955958884335975,-0.2909115572901872,0.6376806910673074,5.611353517631664
0,230,0.6947922120171208,-0.7008069061463879,0.5852689887246778,0.20916532258064519,3.085570739772825e-13,51841,-0.2448023163675385,0.37183236580589346,-0.22898985763678684,0.6185021594021209,13.04339405370609
0,231,0.6981320833006213,-0.6937980949878693,0.6371407225247352,0.1803185483870968,6.1493748003328e-10,52348,-0.29375906753062997,0.4295713287485893,-0.3202118017073503,0.6166551706301877,6.924382469083771
0,232,0.6927797332886727,-0.6983715055450317,0.5990497056514986,0.19089516129032252,4.3765415971518864e-11,52485,-0.27560010216413694,0.4191639251977866,-0.25576176730049605,0.6358510622056951,11.413168515298862
0,233,0.6868881102531187,-0.6923416593382435,0.5850395714083025,0.24308870967741936,9.800153959320762e-18,52695,-0.23157237498823255,0.4178978852750044,-0.23917358161826835,0.5958483117332133,7.121894669242559
0,234,0.6961716211611225,-0.6882687316786859,0.6158567167097523,0.2132016129032258,1.0139805881215541e-13,52884,-0.23362548139678674,0.4430388594757662,-0.26418968023345946,0.6068173155385324,4.276969355276366
0,235,0.7027898469278889,-0.7066587209701538,0.5852246140280077,0.1586653225806452,8.306315499877019e-08,53023,-0.17384358722095053,0.4325311310178985,-0.22687827061547658,0.604626801931725,1.3283151443932621
0,236,0.691234709755067,-0.6885556578636169,0.5716973086518626,0.17724193548387102,1.1795734826335655e-09,53563,-0.23040844157189339,0.38325856507901657,-0.1416433876597749,0.6181295660389419,18.107146174798903
0,237,0.6844286668685174,-0.6775402782424804,0.634859448479068,0.27156048387096776,5.402014947547892e-22,53844,-0.270131420879478,0.42813970507337634,-0.2833063288791849,0.6181705951171959,7.627667881724814
0,238,0.7071284574847068,-0.7112209498882294,0.5957549278053546,0.16656451612903225,1.4865429276354914e-08,54047,-0.291992710348124,0.38722655336597867,-0.215843616870263,0.5979219098659998,17.16948955549305
0,239,0.6823849168515974,-0.6843051487399686,0.586885446982999,0.19944758064516133,4.37724408482917e-12,54268,-0.24631119085069508,0.40880669076730997,-0.24377569184622055,0.6308147154099044,9.94067928519362
0,240,0.6923436012960249,-0.6809440159028576,0.6403421341411529,0.2544959677419355,2.3196578210083887e-19,54409,-0.288354454501835,0.4156379364150213,-0.3313427325402975,0.6056874576344983,6.070536818568263
0,241,0.7053724383154223,-0.7116455224252516,0.6065348502128355,0.11610483870967744,0.00022484724872693434,54845,-0.23150698249717636,0.3980882689012289,-0.2731253726327268,0.5930390037277802,5.451473148220653
0,242,0.6816949084881814,-0.6828344387392844,0.6165920197963715,0.239625,3.1425243834987036e-17,54979,-0.25310220431991276,0.42581733199422916,-0.2750742764237468,0.6184086481181287,6.746919224620239
0,243,0.7010356524298268,-0.6925305993326248,0.5718787627354744,0.22399596774193548,4.2900740756549076e-15,55135,-0.28846346760321095,0.44232914721027067,-0.2880260678100973,0.6470797696262987,9.115596546678143
0,244,0.6980349998320302,-0.699529072930736,0.6128989413620964,0.1604677419354839,5.780339440023499e-08,55271,-0.2808096736072685,0.4128226112978086,-0.2417199312766564,0.5989629831688676,12.247039069632509
0,245,0.6890859949973321,-0.6953243738220584,0.5404205252566645,0.2060524193548387,6.847147851240631e-13,55430,-0.2630963285618597,0.37904744802580026,-0.23720036146376577,0.5718876160630849,12.237381359679944
0,246,0.6994303686003531,-0.6925171834807242,0.5618069215166953,0.17868548387096778,9.06089692817461e-10,55880,-0.22821088856617922,0.39474296755305305,-0.26695559225619864,0.6458140686776034,7.574905399199146
0,247,0.6849388249458805,-0.6828482439441066,0.5265881587420741,0.21564516129032255,4.9243396132358346e-14,56051,-0.24422091528848755,0.381650719558794,-0.3084310993278011,0.57406567906699,4.367433475424129
0,248,0.6999037996415169,-0.7025781273841858,0.5926450394815014,0.2091491935483871,2.989434262098168e-13,56204,-0.206669522371411,0.398768783669785,-0.23599301898115088,0.5984160167137448,5.8738779743445635
0,249,0.6904824876016186,-0.6935892701148987,0.5220595235305447,0.16396774193548386,2.613530277403281e-08,56340,-0.21112864337142714,0.38457708383765393,-0.19951365729063805,0.5882048504109848,10.029845989225617
0,250,0.6954268284382359,-0.6863387948082339,0.5938775255795448,0.2465,3.348859139590757e-18,56537,-0.2862362349692546,0.43643209367389685,-0.29324226679460996,0.5764781678859163,6.297592891354733
0,251,0.6996173022254821,-0.7097155461388249,0.6586457255386537,0.15358064516129033,2.4682787054371606e-07,57196,-0.27848874177817007,0.3969913856818249,-0.2507492474715642,0.5987836128170394,12.327391620404727
0,252,0.6910332662443961,-0.6941131930197438,0.6356726615659652,0.22744354838709685,1.3558744269137971e-15,57336,-0.26021533203025704,0.41279200813007433,-0.2365641220510918,0.5831720562255048,10.146495754166091
0,253,0.7009868833326525,-0.6959444063325082,0.5162532848696555,0.1661008064516128,1.7057494307476292e-08,57478,-0.2545398702704021,0.4124173727194271,-0.2530143211566309,0.5613332690648236,7.419562391638569
0,254,0.6876479502647154,-0.6835894555814804,0.48930833272395596,0.19563709677419355,1.2704634578806266e-11,57611,-0.2661869368745896,0.380724573532199,-0.23150845734288764,0.6100320914447578,14.177801662035899
0,255,0.6941455314236302,-0.698752107158784,0.592556573210224,0.2437943548387097,6.900134775274315e-18,57747,-0.2035906481199588,0.4115609859281892,-0.20419437568432713,0.5946790328827114,7.369758346023752
0,256,0.6964836630129045,-0.697682015357479,0.6029005975973222,0.1556935483870968,1.5213866658216462e-07,58217,-0.29216217285091206,0.363561186799846,-0.20770964703597877,0.5974228377703333,19.614438501387788
0,257,0.688690637388537,-0.6806082321751502,0.6391074244053133,0.25091129032258064,7.645427339225194e-19,58353,-0.27709360602424654,0.4642418551759241,-0.27374891270671436,0.6131409021299461,6.772532338448966
0,258,0.6996889864244769,-0.709604743026918,0.5662635603258687,0.15500806451612903,1.77319211648281e-07,58517,-0.22908580182567825,0.41529901583861445,-0.26610411106474,0.5667369486880081,3.730050425739329
0,259,0.6904955804347992,-0.6889704725434703,0.5819954602949081,0.18029032258064517,5.832188462022865e-10,58685,-0.22951387546736438,0.36094040455174276,-0.23947390074898478,0.5918217662491992,10.42120815339684
0,260,0.6948572993278503,-0.6914988804248071,0.6364494062239124,0.19981048387096773,4.189074659397313e-12,58827,-0.2916060286647718,0.43722941676015287,-0.2486155558782487,0.6154674897366932,11.704887833316311
0,261,0.6986524635745633,-0.6998660179876512,0.6226163525735179,0.12279838709677424,7.73828076845287e-05,59267,-0.22945656057506028,0.43864953479251234,-0.3096998792883169,0.5839027331994002,0.3273536735951563
0,262,0.68899628904558,-0.6927548935336452,0.5298218092610759,0.2100282258064516,2.352135368767731e-13,59399,-0.22301834970442924,0.4248132205460169,-0.2271293816943317,0.5892132705754488,6.617957544799841
0,263,0.6977568759072211,-0.6918061923596167,0.5832071342775899,0.19958870967741935,4.428249628912451e-12,59541,-0.2855009798708124,0.3923457704532422,-0.30766250894714353,0.5918139015504262,8.574239297413184
0,264,0.6925422155087994,-0.6914644135582831,0.6675654697802759,0.17612500000000003,1.6751194883406547e-09,59684,-0.28084736522783815,0.41930411045357474,-0.2591193024217023,0.6015288124882434,10.509111013765017
0,265,0.6919607472035193,-0.69967542444506,0.5655631634496874,0.24181048387096776,1.3814899657044697e-17,59836,-0.23269738476623214,0.36965677167511507,-0.21429745361000366,0.5728399677573922,11.679592970742693
0,266,0.7023269293769714,-0.6960519869481364,0.6058751911886276,0.1412500000000001,2.918384484527248e-06,60289,-0.24819665057878262,0.38086738667392844,-0.2824836555822023,0.6102955880828237,8.253039058167905
0,267,0.6835401394674855,-0.6812609924424079,0.6636673385097135,0.1978467741935484,7.185404145363652e-12,60420,-0.2997618982571807,0.3984828537313939,-0.26037690478743936,0.6172169257446716,14.079845659856032
0,268,0.7001982139002892,-0.709000188496805,0.6142891582942778,0.26275000000000004,1.1515602975329574e-20,60733,-0.2502155171542757,0.4053572866623694,-0.24740479237676166,0.5904222094093852,8.950692327734016
0,269,0.6967130322610179,-0.6915963888168335,0.6366506884655645,0.1329395161290323,1.3375023492326823e-05,60923,-0.24744635616541918,0.45086029000015165,-0.24089226031793226,0.6171297116771757,7.436530411092254
0,270,0.6824026944175843,-0.6732082549602755,0.6756813744864156,0.29610887096774197,4.589440294686799e-26,61075,-0.2712658675225657,0.41782694729928044,-0.3216594533816876,0.6335975102869723,6.077239299870056
0,271,0.706653977594068,-0.7097162296695094,0.6183814543389505,0.15210887096774195,3.212176356197828e-07,61553,-0.2242394070372953,0.4318303284384179,-0.20363000608530207,0.5874553546179164,8.323916643143319
0,272,0.678425238017113,-0.6860858865322605,0.6235885072139001,0.2873387096774193,9.201497910726644e-25,61714,-0.20368503320209014,0.4122959687006629,-0.16210033586030656,0.608481437928398,11.37335194280874
0,273,0.7088242634650199,-0.7011231856961404,0.6980594752296325,0.17313709677419353,3.102710700221936e-09,61854,-0.17302089234355542,0.40884200980117263,-0.24987094873965401,0.561763732236601,1.041408468298098
0,274,0.672805098756667,-0.6696632379485715,0.6026845708970101,0.2685725806451613,1.4906646058106912e-21,61996,-0.27265721486106015,0.43723592806812966,-0.2608845386322815,0.5677524032504974,7.268397962028045
0,275,0.7137264724700682,-0.7182974228935857,0.5367452992546943,0.22203629032258068,7.296328071605314e-15,62190,-0.23506983164904477,0.3954423356468886,-0.18626859818955813,0.5897451756043139,13.20076564548732
0,276,0.6837358205549179,-0.6851366864096734,0.5317048142033238,0.21960080645161287,1.5462438635347097e-14,62656,-0.2605177942194621,0.43182091406497425,-0.23254333416509865,0.573636244339478,9.03572496893067
0,277,0.7000632362980996,-0.6935272553274708,0.5642973953677762,0.246,3.83346414809675e-18,62880,-0.2729848058740472,0.4224711581969938,-0.2653704370126178,0.5706292289445508,7.928281794109971
0,278,0.6785421823301623,-0.6708038853060815,0.6072465239032623,0.3127580645161291,4.514695797738258e-29,63035,-0.3524082788542653,0.3577970986532086,-0.25589190114583427,0.5963686525271712,21.34189670057093
0,279,0.6981358066681893,-0.7178650392640021,0.6158964403213993,0.21415725806451613,6.052424378312623e-14,63167,-0.23524601678042242,0.3604596759224324,-0.22591832689277094,0.584086345546167,11.983649725605307
0,280,0.699457420456794,-0.6973309978362052,0.5776527312494093,0.269008064516129,9.232213724193673e-22,63322,-0.1987812907574363,0.4051494318819415,-0.16280957268993182,0.5575467062701336,9.855910034771048
0,281,0.7027654061394353,-0.6958914245328596,0.5900726020336151,0.19229435483870966,2.875692206114393e-11,63831,-0.18311226090157828,0.4143963590668091,-0.2572781840100617,0.5170007622105198,2.6170527794442986
0,282,0.6786723752175609,-0.6739608193597486,0.5419079065322876,0.2884838709677419,7.2758020527540795e-25,63994,-0.2606995683685533,0.40548145640971334,-0.24405827897618007,0.5743844477721751,9.717681923343806
0,283,0.7099215340229773,-0.7088536216366675,0.5512977223242482,0.23956854838709676,1.7900983765862933e-17,64126,-0.16339684552605227,0.3687072854719402,-0.09324346728118062,0.534338417183704,14.002480097091963
0,284,0.6889478112420728,-0.6997599361404296,0.5987679179637663,0.21337903225806457,5.572049899246909e-14,64255,-0.14225803853979155,0.37864063463494085,-0.1146213388568122,0.5412089223388131,8.633724718199247
0,285,0.7004948268013615,-0.6947819677091414,0.6547827566823652,0.19761693548387096,5.3289412247920404e-12,64444,-0.153429281849387,0.43457359375251164,-0.2239562441990093,0.5006957821373731,4.652553602519832
0,286,0.685444918371016,-0.67520228316707,0.5667285159710915,0.3120403225806452,3.586735699502054e-29,64962,-0.24389187803771767,0.3461844540401275,-0.20893294688323177,0.540501221826164,14.031028535972228
0,287,0.7007753618301884,-0.7116863083454871,0.558554659928045,0.15854032258064515,6.46061570384143e-08,65116,-0.18561485467420333,0.3423551055706578,-0.1287347033983066,0.5304544861293297,14.824001633229411
0,288,0.6918553748438435,-0.6949836477156608,0.5845372782599542,0.20332258064516126,9.427820512188752e-13,65269,-0.1594919241688529,0.33860378917886447,-0.1363913816471917,0.4984831566200471,9.91942318694523
0,289,0.690246578185789,-0.6832593208359133,0.5028525821624263,0.23820161290322578,3.157353278394975e-17,65444,-0.16701630212998833,0.37157110060582,-0.19846342911238143,0.5216922584993482,3.3753509132834627
0,290,0.6974724925333454,-0.6975154828640723,0.6409512527527348,0.24751209677419356,1.746223760642835e-18,65618,-0.2685168134953135,0.40249263554386355,-0.20578495981183972,0.5546486926444226,13.352841044073543
0,291,0.6910455284580108,-0.6866494330667681,0.528575950091885,0.17840322580645163,8.129588555808319e-10,66254,-0.18374209888859572,0.391100525910048,-0.18138308586941382,0.5256933136006322,6.128232180804521
0,292,0.6954121560819687,-0.6965069117084626,0.5726018605693695,0.26406048387096775,4.36749583566552e-21,66418,-0.17472876296063003,0.40971129097621944,-0.1994646314120633,0.5403071806846366,2.8341173230916445
0,293,0.6898540296862202,-0.6985185011740653,0.5887105950424748,0.19813306451612903,4.466369010014276e-12,66576,-0.18039537013211535,0.3595779630372753,-0.1444365078914179,0.5472344325987208,11.856887295884114
0,294,0.700570801573415,-0.6925448554177438,0.5568918066640054,0.26047983870967745,1.8406182490240864e-20,66796,-0.21093944380461324,0.3932328400572571,-0.2395668850988499,0.5078484034485349,2.955549584450506
0,295,0.6739668240470271,-0.6665346987785832,0.6452035355952478,0.34086693548387104,1.3789081358920494e-34,67024,-0.25845863427183147,0.36154835304744537,-0.26128164521625946,0.5808389020205157,11.339807029844835
0,296,0.7122380454694072,-0.7265636488314597,0.667637885578217,0.22168951612903226,4.9329882205102944e-15,67484,-0.16518815863964312,0.3631170880391813,-0.14955660378924163,0.5471667029857371,9.174387199606203
0,297,0.6797751005618803,-0.684988122793936,0.5875788931885073,0.2976290322580645,1.055769795299754e-26,67744,-0.23667467964680225,0.3571360376260436,-0.14178192019016028,0.5662079242353737,19.47436556812614
0,298,0.7079563438892365,-0.6964481636401145,0.6126772588299166,0.2495766129032257,9.030801320347499e-19,67882,-0.20465842523589442,0.4141814329822667,-0.2338539625432102,0.5355206228950069,2.705058164345518
0,299,0.6831361737943464,-0.6771233754773294,0.645467227264758,0.3212096774193548,1.0757695381864701e-30,68014,-0.2855803181057127,0.40497353863466745,-0.2735543826032253,0.5655942992054703,9.379708791615586
0,300,0.6981545984745026,-0.699327415035617,0.5697952206096342,0.14504435483870964,1.2634568706669627e-06,68141,-0.21373785589032138,0.42611996445625167,-0.21396367400036712,0.5658212210459208,5.923953814472225
