,epoch,D_loss,G_loss,MI,D_ks,p_value,time,Corr/code0-x,Corr/code0-y,Corr/code1-x,Corr/code1-y,angle
0,1,0.6778840797562753,-0.6993822445792537,0.0021575006746476695,0.6185201612903226,9.036318464246123e-114,62498,-0.6351628960082195,-0.06359976683040228,0.10442850794069565,0.09531726555751449,36.67026089153066
0,2,0.6775522472396973,-0.68638024887731,0.005855560783416995,0.5451895161290323,7.613655300045871e-89,126885,-0.583690568030903,-0.34317148127191066,-0.044871353553147336,-0.09986835076667208,35.35266157646632
0,3,0.701201428328791,-0.6797587727346728,0.008701762605097986,0.5385483870967742,9.135426264935364e-88,190630,-0.594334879329586,-0.36104827942677575,0.01890336584207682,0.15959119511518888,51.96689984661242
0,4,0.6634692703523943,-0.6519778313175324,0.011989743959519171,0.6366290322580646,2.4940058676912464e-122,253994,-0.6028686519706047,-0.4248446510523827,0.03544773810459011,0.1769353896780735,43.498630418151464
0,5,0.6694432987320807,-0.6804717250408665,0.032308066323880225,0.3125806451612903,1.0387766665704146e-29,317603,-0.7510994477255579,-0.2991023492851281,0.1924758954189112,0.28698394099282504,34.437420682214906
0,6,0.6482421938450106,-0.6636256431379626,0.04397415790346361,0.32134274193548384,1.127283700832892e-31,382213,-0.7626321680059144,-0.3658772389680402,0.06603420665682636,0.31987419757018604,52.70618962649253
0,7,0.6321952352600713,-0.6364707927550038,0.07106040982950118,0.31227419354838715,2.2344361841105997e-29,445499,-0.769709274728466,-0.43840875761428166,0.009880969831347777,0.5016087436575741,59.20665428659366
0,8,0.6880069980698247,-0.7311718925353019,0.0931748860786038,0.19028225806451615,5.1849465626474234e-11,508734,-0.7013702509558355,-0.29193755540931543,-0.1463558404786962,0.49215587677397565,83.9622909698302
0,9,0.6998425962463501,-0.7013318096437762,0.10227691766715818,0.15175806451612905,3.4317719666843565e-07,571237,-0.6015933119004786,-0.19064836335345828,-0.21753119857307104,0.5039374683217801,84.23563222078917
0,10,0.7134563182630846,-0.697177013081889,0.1155955224267898,0.35636290322580644,6.193314019618719e-38,634884,-0.5600220993552384,-0.167550047338808,-0.24569671235091847,0.565084233671938,83.15713814315035
0,11,0.6813754381672028,-0.6559008311840796,0.12124551159720268,0.38429435483870966,3.3770648447427427e-44,699342,-0.5902242256472857,-0.09788836939753331,-0.28183880859243876,0.5333956119951062,71.5654103964337
0,12,0.6883869642211545,-0.6595419097331262,0.1451664583817605,0.41549596774193553,1.4074350465622538e-51,763984,-0.5236561517022904,-0.16162025617535655,-0.36457670570681483,0.6021197564930211,75.95778933986058
0,13,0.6820273351284766,-0.7086990648700345,0.17773597519243917,0.21442741935483872,4.840383920894759e-14,827033,-0.6063220697744881,-0.20845530665791562,-0.31619368254949604,0.5067571642568747,77.01081139021146
0,14,0.7142637862313178,-0.8142946468245599,0.2107383253112916,0.4228346774193549,6.244416377878826e-53,891567,-0.7543889648778648,-0.2291066900743425,-0.2019606766103542,0.47704298076846235,83.94761840595322
0,15,0.6486231319365963,-0.7227466442892628,0.2495423166021224,0.3609032258064516,1.1509332136652828e-38,953850,-0.7714124282309531,-0.22293115877702002,-0.17051606667424593,0.46698447528254905,86.05950482872906
0,16,0.7153825682978476,-0.7145181702029321,0.24202195723210612,0.20460080645161294,9.499893004482302e-13,1016753,-0.7022047515388087,-0.18222260461223602,-0.3044523466427741,0.564417679200866,76.20456304397818
0,17,0.6787128390804413,-0.6792619834023137,0.29080327816547885,0.2392782258064517,3.175137856435263e-17,1080430,-0.7367178155288927,-0.21933222156813634,-0.2070313564214625,0.5871609376023249,87.15656544851585
0,18,0.7026904677191088,-0.7568804439037077,0.358396761359707,0.11302822580645161,0.00036236700552029515,1144715,-0.8417799584939949,-0.2246207478427578,-0.16341967037617805,0.6121321370351576,89.99316743926263
0,19,0.6843558819063248,-0.7533000938354,0.36229676248565795,0.27856854838709677,3.7319379067886463e-23,1206950,-0.8756613828484191,-0.17769051715865866,-0.14286434647985383,0.5508522585232437,86.93138712953255
0,20,0.6993620616774405,-0.7451255917549133,0.3963705089784438,0.1703870967741935,6.330147150526531e-09,1268977,-0.8819733335963048,-0.18422322713718706,-0.1767660447114529,0.5903288246863754,85.12847158189703
0,21,0.6992942056348247,-0.706456805429151,0.38650866477720197,0.23139516129032262,4.284722239186048e-16,1331975,-0.8609705065861836,-0.16329659646410838,-0.19293733369824456,0.6226709390843932,83.5236554909813
0,22,0.6892643715104749,-0.6943824916116653,0.4320578690498106,0.30061290322580647,6.926809445245248e-27,1395089,-0.8801366659173442,-0.12890847093901292,-0.2706879026196338,0.6872962485795758,76.83580084647669
0,23,0.6885094431138807,-0.7176581851897701,0.5173790377955283,0.16512500000000008,2.137130165718118e-08,1457587,-0.9144302016571215,-0.2106969083856267,-0.13376828821976453,0.6968418466380744,87.89126065145068
0,24,0.7010293670238987,-0.7832983943723864,0.5524344098183417,0.1588749999999999,8.349205628522586e-08,1520792,-0.9341270382355562,-0.180853569362654,-0.13696075766972596,0.6994460899684583,89.87821500151875
0,25,0.6890859892291408,-0.7799662466972105,0.6158930284361686,0.25594354838709676,1.4137882303670222e-19,1584210,-0.948878418948395,-0.22072659922246682,-0.1473888771102912,0.735479411884252,88.23670830100214
0,26,0.6895161790232505,-0.754750644968402,0.5819789344264615,0.09828629032258068,0.002998689563521945,1647354,-0.9397460381405627,-0.19299925884546532,-0.1644539765208924,0.7515043381258546,89.26205309391051
0,27,0.7015768270338735,-0.7423725445424357,0.6206078558198868,0.19744758064516127,7.850109323714673e-12,1711760,-0.9272323073998886,-0.13175711338106552,-0.24887483453610987,0.792784789334478,80.65905864667363
0,28,0.6891732408154395,-0.7489441075632649,0.6370370109235087,0.24000806451612905,2.875276186398575e-17,1774498,-0.9310189513739553,-0.1591823833171154,-0.2592115997483264,0.7920775372759047,81.58145548526785
0,29,0.6964108146006062,-0.7688663726852786,0.7535845954572001,0.15966129032258064,7.03996273672695e-08,1837635,-0.9500050943843807,-0.18760622235422286,-0.15894924999950819,0.8160492608156615,89.85102150996558
0,30,0.6878016600685735,-0.8061175423283731,0.786469547017928,0.2781209677419355,4.873227352655811e-23,1899996,-0.9605139503483966,-0.2010405856086848,-0.16269714022557533,0.8677048215012263,88.79816653946128
0,31,0.6868737311132492,-0.7881404382567252,0.8074151229473853,0.15122983870967746,4.094336875859332e-07,1961904,-0.951936059095002,-0.1986764913689636,-0.1473287458953281,0.8638917191024138,87.88930445040418
0,32,0.7004036057379938,-0.752787406406095,0.790781646005569,0.1868024193548387,1.2415789570310282e-10,2024874,-0.9478059632014527,-0.19350668602027218,-0.1765461613190127,0.8563455571088482,89.89006309208797
0,33,0.6912411201384759,-0.7616478646955183,0.8135926896525968,0.27798790322580647,5.104915607477942e-23,2087018,-0.9371742375898666,-0.18706483811842337,-0.19342850514506552,0.8766480477340176,88.84548530082233
0,34,0.695417107112946,-0.7748236358165741,0.8911261520078105,0.1479717741935484,7.932561436049787e-07,2149068,-0.9486232167823564,-0.06563978170146698,-0.16831121413807149,0.8891597315553575,83.23942578310458
0,35,0.6881356902660862,-0.8190069092858222,1.0684644964433485,0.24822983870967746,1.8161302488256632e-18,2211510,-0.9612208457849377,-0.025527057221425568,-0.23345088387484364,0.921547588296966,77.30584588460165
0,36,0.6909338303150669,-0.8070468460359881,0.945781857736649,0.16614112903225808,1.704165669480189e-08,2273319,-0.9544083371455552,-0.14050636030987285,-0.17128863559028917,0.9137578620449289,87.75765514988619
0,37,0.6946393597510553,-0.771236882094414,1.0240087259200312,0.22114112903225808,1.0043067108217858e-14,2335138,-0.9556256160272143,-0.08834286912099802,-0.22338018944427127,0.9246388318870183,81.7000527644515
0,38,0.6892849303060963,-0.7931067780140908,1.064254799196797,0.15050806451612908,4.771673322307729e-07,2397885,-0.9605272382525358,-0.13309702816140662,-0.17205225209121702,0.9188247671541264,87.28309099033343
0,39,0.6894769476306054,-0.8223056120257224,1.0539575103790528,0.17782661290322582,1.1382607895105185e-09,2461552,-0.9723491231708308,-0.14984073417890445,-0.10402155551976427,0.9541016164670739,87.46166476340991
0,40,0.6919032277599457,-0.7925387419039204,1.0485016799742175,0.14907258064516132,6.345234000298494e-07,2524959,-0.9701432325866728,-0.1585518897541635,-0.10156419601241844,0.9390635836670113,86.8909448735489
0,41,0.6894806402344857,-0.7867589112251036,1.0595535482129743,0.17486290322580644,2.2653592259705206e-09,2591186,-0.9629542153538669,-0.21321935155372468,-0.10389636029476712,0.9392146567201218,83.82730659219833
0,42,0.6889996365193398,-0.8122983046116368,1.1298080625072602,0.12219354838709681,8.596117345625476e-05,2656849,-0.973279481508399,-0.19239444749861986,-0.1041509948732646,0.9481373551432474,85.08682660946576
0,43,0.6892285606553478,-0.824079966352832,1.275915466970013,0.08890322580645157,0.009763130997615792,2720969,-0.9725371970405637,-0.19278960453819916,-0.10580932225120132,0.9571557870259761,85.09559329372648
0,44,0.6875993657496667,-0.8000118982407355,1.2829331428773942,0.11874596774193553,0.0001491871881819343,2783949,-0.9767716770990807,-0.2281610557129961,-0.07668508194598718,0.9538054342540447,81.44884187761792
0,45,0.6884725651433391,-0.8166349116832979,1.3087383047226937,0.10518548387096777,0.001154928076445924,2848283,-0.9794750461748111,-0.21309438189525517,-0.09364771659451891,0.9516736274691798,83.34600291131974
0,46,0.6877318582227153,-0.8072664132041316,1.315993599353298,0.1157177419354839,0.00024197907791965046,2912878,-0.978816412953084,-0.18951043486177394,-0.13392046190556378,0.9489287378690338,87.07542434240392
0,47,0.6875412617960284,-0.8201858833912881,1.2737950932595037,0.10783467741935483,0.0007901277567701119,2975737,-0.980458094696973,-0.19689400433357968,-0.15759016533878994,0.9367043864674672,88.19493890155914
0,48,0.6894417856970141,-0.8352775477593944,1.2840005409333013,0.10360080645161288,0.0014440441536537202,3039316,-0.9783045276676929,-0.21821944149422431,-0.1328656684528282,0.9430113453961242,85.44542646000164
0,49,0.689188584204643,-0.8248307954880499,1.271595368462224,0.08385080645161289,0.017523075934072933,3102987,-0.9750994529263534,-0.22676627615970865,-0.12430603640799874,0.9488973353866393,84.37144212487253
0,50,0.6905661936729185,-0.8248112163236064,1.3091909193223523,0.10740725806451612,0.0008460598096441097,3166368,-0.9667384010511633,-0.2063814122467632,-0.15189385333280933,0.9544976483427052,86.9912076135574
0,51,0.692384046892966,-0.8220090894929825,1.2671802197733233,0.09570967741935485,0.004187334935872811,3229863,-0.966450725653147,-0.19709261803914274,-0.12953474745904306,0.9543230656842716,86.20325920070184
0,52,0.6910798655402276,-0.8140488795695766,1.280590655342225,0.09687903225806449,0.0035719458938678673,3293963,-0.9720628961492114,-0.2468423184235596,-0.08146793094796909,0.9531575213289979,80.6369632927993
0,53,0.6928491255929393,-0.8398970634706558,1.37976687377499,0.0961249999999999,0.0039615045480946316,3360175,-0.9720355662899389,-0.22142093686446504,-0.12156368772651137,0.9539843603102288,84.42941348213496
0,54,0.6930145746277224,-0.8270549687647051,1.2928809715855507,0.10873790322580648,0.0006987767320360626,3425138,-0.9544830564654635,-0.13170249854697758,-0.187135251316682,0.9614190160635171,86.84163480512045
0,55,0.6931880991305074,-0.8257580524490725,1.3328129649162292,0.08895564516129037,0.009702659970089317,3489490,-0.9629920813932435,-0.16601224564021574,-0.11828758391738978,0.9625357118814485,87.22484244519094
0,56,0.6907946832718388,-0.8412797893247297,1.4982751915531773,0.09185080645161281,0.006830971359169917,3556337,-0.9653718870250699,-0.1582720031847028,-0.15969284521200644,0.9607573087325432,89.87359342867491
0,57,0.6924851421386965,-0.8236777551712529,1.4928678274154663,0.10112903225806454,0.002047439667299315,3621895,-0.9682185058602464,-0.12783892789983048,-0.18015026477642085,0.9617878315669353,86.91254179492543
0,58,0.6915718259349946,-0.856664324960401,1.4899829510719544,0.09868951612903226,0.002831217641028216,3686084,-0.974744761949137,-0.20402822070191104,-0.08294155614078622,0.9661721989363907,83.0843997084893
0,59,0.6920692180433581,-0.8454579624437517,1.4768903043962294,0.08220967741935484,0.021144896524750843,3750312,-0.9730082480776703,-0.094711267692088,-0.1832721071099945,0.9686501032132873,84.84565555369551
0,60,0.6919543262450926,-0.8421598932435436,1.4694659556111982,0.07249596774193552,0.05809299015949437,3814376,-0.9725051859778981,-0.17845671765715893,-0.1295466841663575,0.9612328183543358,87.27737228312078
0,61,0.6912334974735014,-0.8526384445928759,1.5250987641273006,0.08689112903225804,0.012406552923479926,3878097,-0.9707842857190414,-0.14310824453944493,-0.1387275558924101,0.9673604816551629,89.77518423923425
0,62,0.6927167638655631,-0.8421439220828395,1.4975849082393031,0.08003629032258058,0.026810329200207084,3942176,-0.9729018713931727,-0.13824711449754937,-0.13241091233375604,0.9726761911012491,89.66459766595217
0,63,0.6916642169798574,-0.8448489865949077,1.4837414372351863,0.08635080645161287,0.013218026355286287,4004659,-0.9735555629674338,-0.14449404677103464,-0.15799354359152254,0.9657226832809994,89.15079297392991
0,64,0.6917359300198094,-0.8510241816120763,1.4742699880753793,0.08302822580645164,0.01927190022251166,4068285,-0.972284794182635,-0.19210775366493113,-0.10071171209258364,0.9681406487475638,84.76212577381591
0,65,0.6924672617066291,-0.8435674252048615,1.583483176846658,0.06621774193548385,0.1044529619371252,4131223,-0.9705923631426941,-0.15895946609077988,-0.13277942685923766,0.9679131041715623,88.51006071850692
0,66,0.6917737722396851,-0.8554527250028425,1.6109541693041403,0.08846370967741923,0.010308595461380432,4193432,-0.9657715706663584,-0.15135976069072093,-0.15622620249133626,0.968870769685278,89.74732575294854
0,67,0.690805196762085,-0.8560668431943462,1.6446266001270664,0.07622580645161288,0.04001783280632593,4257002,-0.9709254500739964,-0.11352920251714267,-0.18754061945117906,0.9708580012194454,85.73608239887811
0,68,0.6901779117122773,-0.8441571372170602,1.6503688077772818,0.1175846774193549,0.00018098683836635513,4321346,-0.970491627918182,-0.07738991203745536,-0.2123350794303288,0.968854649965363,82.1977351454824
0,69,0.6912185165189928,-0.862078744557596,1.6859331284799883,0.07174596774193549,0.06247911476834802,4384109,-0.9730728268794862,-0.20076963384657304,-0.13068299884138077,0.9659477885215514,86.04677701284102
0,70,0.6913139156756862,-0.8624493739297313,1.7379349931593864,0.060020161290322616,0.17673526573146553,4447714,-0.9727283352832465,-0.18383847031329278,-0.12701523832912173,0.9682401426605665,86.77122566487945
0,71,0.6898287371281655,-0.8649392416400294,1.7824660020489846,0.10897580645161298,0.0006748415260370535,4510934,-0.9715066294601077,-0.12742647702279702,-0.18263068553372,0.9691162896804109,86.80020383562983
0,72,0.6920126580422924,-0.856088339321075,1.6903099033140367,0.07134677419354839,0.06498382141872812,4573752,-0.9748889397676733,-0.0912848888969579,-0.20843711497717435,0.9675637809463739,83.19222584590469
0,73,0.6901841192476211,-0.8721537032435017,1.5779240285196612,0.08313306451612903,0.01905995028025376,4636673,-0.9701095948126651,-0.2038143029532084,-0.12575268904404852,0.9676847026920744,85.53927211608566
0,74,0.6903994093018193,-0.8626259776853746,1.8031038545793103,0.08570564516129026,0.01423453277745812,4700474,-0.9653159119708544,-0.13154002595010605,-0.21794139682548197,0.9681934015433782,85.07379400183683
0,75,0.691533911612726,-0.8550713937128743,1.756962978070782,0.07816532258064517,0.03270676253423554,4764169,-0.9671897360873508,-0.2074697740172998,-0.15445643934291295,0.9630836126575736,87.00441154581948
0,76,0.6905271141759811,-0.8663379002001977,1.7316709583805454,0.10470564516129033,0.0012469659773805674,4828136,-0.9679543668991386,-0.1564309852629674,-0.16778173800118887,0.9655605018243685,89.32255313436137
0,77,0.6911877835950544,-0.8656381455159956,1.7482138852919302,0.07919758064516128,0.0293051884697011,4892231,-0.9707598884159492,-0.2024435462611342,-0.13983778523872836,0.964581774263531,86.46913197470055
0,78,0.6907694580093506,-0.8715626808904833,1.900655375372979,0.08404838709677417,0.017184020164228982,4956278,-0.9747934169065254,-0.1947590652058805,-0.17664262496696992,0.9532358420111637,89.19965314931119
0,79,0.6914890081651749,-0.8524086398463095,1.6652456041305297,0.08319354838709676,0.018948313833471033,5019670,-0.9698135450087662,-0.17579892117740048,-0.19170795659536347,0.9589913872933754,88.96974337104973
0,80,0.6921406397896428,-0.8663661249222294,1.8178516472539594,0.07283870967741939,0.056226453608262984,5082831,-0.9635956858827981,-0.15503615598768877,-0.23402473943499585,0.9578924331025918,85.41106414042103
0,81,0.691848244397871,-0.873416873716539,1.8408903864122206,0.0894153225806451,0.009182624660062498,5146107,-0.9664595512461399,-0.1281847729554226,-0.2793505282412717,0.956993160995433,81.28247661943429
0,82,0.6921476942877616,-0.8744508210689791,1.6894497602216658,0.07194758064516125,0.061323123221667275,5209885,-0.9652410473408155,-0.20959874162997807,-0.22107586498509468,0.9475394049533443,89.11831449113618
0,83,0.6925698018843128,-0.8800839329919508,1.7060313513202052,0.07766935483870968,0.0344295031531473,5273472,-0.9643075914962878,-0.2332522186051664,-0.1867908660296504,0.9537770911098521,87.48290202504049
0,84,0.6915012915288249,-0.8678986574372938,1.8054229713255359,0.07903629032258065,0.02984089182793778,5338044,-0.9625190762563729,-0.17070019192233837,-0.24401229545292832,0.9556588057383663,85.73316418064114
0,85,0.6908283464370235,-0.867296157344695,1.830219361089891,0.0781209677419355,0.03285682546626706,5402984,-0.9613714659291848,-0.2460864312252085,-0.19427748644903264,0.952499491791865,87.17030169686134
0,86,0.6915315985679626,-0.8636829305079675,1.9273906792363813,0.07950806451612906,0.02836920299508485,5465507,-0.9583505863687996,-0.22158492721016512,-0.21998533987216656,0.9485022879552143,89.96115830348657
0,87,0.6918773728032266,-0.8758392035961151,1.9080649864289068,0.0678427419354839,0.09023047145208256,5529335,-0.9621180374286283,-0.20825358242762942,-0.1947844833877867,0.9555563854383978,89.30810889292934
0,88,0.6917719985208204,-0.8690505066225606,1.80578560790708,0.06056048387096773,0.16921053426324137,5592444,-0.9570592876849027,-0.18032030982952807,-0.26659405986791185,0.951247148483334,85.01413813824303
0,89,0.6917241109955695,-0.8855364514935401,1.7607933475125221,0.09405241935483873,0.0051846955791269925,5655282,-0.9523195222530894,-0.2540596423767031,-0.21345878121805678,0.9466284193179283,87.76983619517483
0,90,0.6925294841489484,-0.8882328935207859,1.8552454825370543,0.07766935483870974,0.03445977133350893,5719195,-0.962458818795031,-0.23663604269539276,-0.19768635195214673,0.9541547267091214,87.89209770302261
0,91,0.6898853932657549,-0.8910250452256971,1.947950626573255,0.09916935483870969,0.0026665161193001525,5781684,-0.9631739753326948,-0.19245362481943332,-0.21631357292450754,0.9556112264033788,88.5449593058755
0,92,0.6911687562542577,-0.882160835689114,1.9417628415169255,0.08170161290322586,0.022363352894641787,5843429,-0.9616419919618817,-0.22401906426930654,-0.19707876918794415,0.9585937756522066,88.50419917191167
0,93,0.6923207919443807,-0.8821071078700404,1.8085880529495977,0.0826491935483871,0.020121468057182026,5907329,-0.9628021002234142,-0.1538879723731558,-0.2895669455730023,0.9471474945823148,82.0812540694093
0,94,0.6917772235408906,-0.8812502363035756,1.8935094879519554,0.0648024193548388,0.11833777520893772,5971293,-0.9612199093297357,-0.17204534563804758,-0.2566068216144945,0.9561189632100916,85.12448498858504
0,95,0.6915338462398898,-0.8733384503472236,2.126159844859954,0.06214516129032256,0.14852203862257984,6034644,-0.956787548387217,-0.24705056170163034,-0.22366852920202904,0.9491937007366009,88.78130462321438
0,96,0.6922463024816206,-0.8729451740941694,1.734538039853496,0.07920564516129032,0.0293084465054728,6099961,-0.9533577812314242,-0.22790983907165302,-0.24827012620183747,0.9451641626632786,88.72717039128902
0,97,0.6915246719314206,-0.8834583768921513,1.8922382958473698,0.0748185483870968,0.046188684165379135,6163362,-0.9572014802906079,-0.21507992812640214,-0.23416815212873918,0.956722926031745,88.91047278427921
0,98,0.692666115299348,-0.9041918996841677,1.8681219258616049,0.05056048387096772,0.35579294216955343,6227064,-0.9606421743134355,-0.2113239591763595,-0.21565697981439155,0.9566837718110461,89.7030716734035
0,99,0.691017908434714,-0.8798340751278785,2.067925497408836,0.06819758064516136,0.08736165895118159,6290856,-0.9639373523924564,-0.17946676479743037,-0.24460145882958823,0.9529857220030027,86.1513485502838
0,100,0.6919530418611342,-0.8856490648561909,2.0096692519803203,0.08054838709677424,0.025338517449799626,6355347,-0.9603554133073489,-0.2653429910451416,-0.178810221221632,0.9529547272698404,85.18197811071347
0,101,0.6906157808919107,-0.8924121337552224,1.9207841677050437,0.10553629032258063,0.0011080797861278409,6419008,-0.9598997225486633,-0.25072268909199374,-0.18958819344462957,0.9527422389157666,86.61597073905297
0,102,0.6921747230714367,-0.8850296649240679,1.9248361664433633,0.07910483870967738,0.029601131753970517,6483836,-0.9622211680903634,-0.14875115414771806,-0.26331770227463447,0.9586500512082865,83.42890625153734
0,103,0.6903633090757555,-0.8831666746447163,1.963574565226032,0.08704435483870968,0.012176507326508473,6548465,-0.9645838407631305,-0.23508755748421367,-0.20207518061179425,0.949288538514504,88.32014000747101
0,104,0.692189387736782,-0.8803631269162701,1.9984814197786394,0.05415322580645157,0.2770003958057782,6610885,-0.9624432285268382,-0.21310187489817844,-0.1952005462490569,0.9552876233082648,89.06379435119335
0,105,0.690901788011674,-0.8948091854972224,2.0700330099751874,0.05878629032258059,0.1951209366744871,6673214,-0.9647881835911297,-0.2143025247770429,-0.20990948268895757,0.9537805844371653,89.8884338234596
0,106,0.6908911774235387,-0.8869997609046197,1.9247605031536472,0.07182661290322583,0.06200570501401104,6735503,-0.955670752631177,-0.17119547751778147,-0.2573102227343403,0.9615379711123696,85.17456283128246
0,107,0.6898342351759633,-0.8966333183550066,2.1508940323706596,0.09100403225806453,0.007583937530238593,6797782,-0.9593887615054719,-0.2321367002947506,-0.20872124828500765,0.9546101662858715,88.73133644253089
0,108,0.6900465526888447,-0.894806384078918,2.161577393931727,0.08315725806451604,0.01902883731356916,6860899,-0.9629082783394443,-0.214826527059042,-0.21319841457416897,0.9576031332584266,89.97466152886514
0,109,0.6922500066218837,-0.8854229373316611,2.0410563868861042,0.06365725806451611,0.13059237830916332,6924360,-0.9581269528145953,-0.27069311130934187,-0.18642290919929988,0.9514005818447869,85.31018470421007
0,110,0.6918711450792128,-0.8879987462874381,2.0087036182803493,0.0697217741935484,0.07583810462382355,6986152,-0.9607313937512157,-0.21604827892098524,-0.24136613106078292,0.9531338217600325,88.46326373469155
0,111,0.6903784130850146,-0.9028669999491784,2.1414024810637198,0.06615725806451613,0.10505920499232538,7048960,-0.9667014304493288,-0.1884068358645129,-0.24336266271222984,0.9509412182624185,86.6735927938843
0,112,0.6901068177915388,-0.8847026075086286,2.1331017113501027,0.08612096774193552,0.013573659437280887,7111112,-0.9652605182666237,-0.21563439171892515,-0.21733358770255226,0.953573257220138,89.75357612128454
0,113,0.6907187565680473,-0.9018113103605085,2.11552656081415,0.0844072580645161,0.016478877926950547,7174015,-0.9649459657884667,-0.2754933173476839,-0.1384947121705368,0.9572079343423572,82.29866085326452
0,114,0.6893746900943017,-0.8995864708577433,2.260441099443743,0.07435483870967746,0.04837288428505087,7236997,-0.9697065569287352,-0.21138276495881583,-0.1902870698756436,0.9595261668635615,88.91967082700599
0,115,0.6874598543490132,-0.8990226666773519,2.2117533722231464,0.09435080645161281,0.004995039982336337,7299345,-0.9707312711367777,-0.18320786556170762,-0.2140745687728254,0.9571324063064147,88.08040150371482
0,116,0.6910380519205525,-0.8967057360756782,2.1128425175143826,0.06525403225806457,0.11348850246078195,7362652,-0.9663741920061538,-0.2787902578204989,-0.13892729743799653,0.9512041606516527,82.21715719698084
0,117,0.6890195713889214,-0.8987639315666691,2.128638513626591,0.0983790322580645,0.002962112512466793,7424609,-0.968211974068817,-0.16797992855991178,-0.23135691654813625,0.953617336985901,86.20551965033948
0,118,0.6887094628426337,-0.9158568334194922,2.1023590680091613,0.0781733870967742,0.032678539642150596,7486889,-0.9645005343057024,-0.2355126283156618,-0.16812852228425107,0.9607375189809306,86.20419409244207
0,119,0.6893918014341786,-0.9049762968094118,2.256897824425851,0.07224596774193542,0.0595841585576732,7550748,-0.9683121422683333,-0.1766569205895498,-0.22739071000358957,0.9559835623636362,86.95945060221311
0,120,0.6880366427283133,-0.901317439733013,1.9700505714262686,0.10051209677419354,0.0022153136734324157,7612981,-0.9713818309407872,-0.2428635302570476,-0.1817180341764587,0.9415256171856241,86.88673769465156
0,121,0.6891800549722487,-0.9142349410441614,2.0918703079223633,0.07928225806451612,0.029070325398247495,7675393,-0.9683729355434876,-0.17243966690102588,-0.2226435677224111,0.957093127287829,87.00139851222849
0,122,0.6900571796201891,-0.8992979170814637,2.3062657675435467,0.0659233870967742,0.10699471470557641,7737716,-0.9714247463130226,-0.2680660678173358,-0.1379286124254453,0.9520703382805419,82.8163004319014
0,123,0.6878110949070223,-0.9010817437402664,2.035645975220588,0.09694758064516126,0.0035655154489097006,7799675,-0.9671065314146052,-0.24809889427585693,-0.16545286269730652,0.9548520042823019,85.44214635928854
0,124,0.6884709798520611,-0.9158570824130889,2.2791381612900765,0.07675000000000004,0.037851822123886096,7862290,-0.9711073617181037,-0.2394716912833546,-0.17657050291736626,0.9517461599010174,86.65760944565118
0,125,0.6894969007661266,-0.8965908000546117,2.2352804195496345,0.06728225806451615,0.09490112291302026,7925891,-0.9694514041890131,-0.22473326587218934,-0.19743851856320915,0.949897392070252,88.69039490221584
0,126,0.6871959519001746,-0.9090631834922298,2.097126072452914,0.10097983870967739,0.002088394264838704,7987736,-0.9693465757993698,-0.19755053712859208,-0.18787170086373273,0.9571636684397657,89.58582351440779
0,127,0.688975719674941,-0.9078804485259517,2.249509596055554,0.0950725806451613,0.00454867380839055,8050323,-0.9711979339835389,-0.22123550161035457,-0.18774952613024798,0.9521515507785456,88.32193747660013
0,128,0.6890417433554127,-0.9051212860691932,2.291655857716837,0.06407258064516133,0.12599171728055328,8111987,-0.9728951347338304,-0.2094245642282906,-0.18772468099408052,0.9503112720027722,89.02628247719028
0,129,0.6875516608838113,-0.8973466292504342,2.2240260204961224,0.07251612903225803,0.05792572898453741,8174009,-0.9724995175043597,-0.22689423096718755,-0.1490725113848864,0.9552925435048492,85.7366456193415
0,130,0.6873098179217307,-0.9003870564122354,2.261277392987282,0.07989516129032248,0.02719794661546948,8236313,-0.972758723542704,-0.20928480837618138,-0.20351358068336323,0.9491361595418304,89.9602454795345
0,131,0.6881435648087533,-0.9127999351870629,1.9361768018814824,0.07339112903225806,0.05315778468626983,8297591,-0.9688546958942161,-0.25149227970173443,-0.17546299101936436,0.9510810637752866,85.9013418876286
0,132,0.6873663606182221,-0.9029642439657642,2.2079203647951924,0.08094354838709675,0.02426932901863983,8360202,-0.9680769855670777,-0.24601318721430462,-0.16223959263453772,0.9582453095968028,85.35106002672089
0,133,0.6875124429502795,-0.9172137370032649,2.2592634904769158,0.07891129032258075,0.03021966318654162,8422352,-0.9679162671254872,-0.2137608427028949,-0.20130768486912562,0.953566890411806,89.46702011889786
0,134,0.6871051615284335,-0.8987211354317204,2.264723606647984,0.1104516129032258,0.0005426861647995113,8483954,-0.9668530139156474,-0.1989188374148592,-0.20473764965260038,0.9615207639807625,89.60519496304876
0,135,0.6857057954034498,-0.8954481501733104,2.343388634343301,0.07833467741935482,0.03211105946752855,8545655,-0.966047932400802,-0.24059220273079035,-0.154644586073134,0.9609146979301865,85.15760158359767
0,136,0.6868633310641011,-0.9298501697278792,2.429292153927588,0.07145564516129035,0.06431469403402137,8608888,-0.968574906853632,-0.18786572475088778,-0.20515250086481712,0.9567576792051012,88.87447452577561
0,137,0.6858244874785023,-0.9025253326662125,2.123081216889043,0.058181451612903196,0.20462354156230061,8670979,-0.963157817717995,-0.20285497251109405,-0.20619372767616448,0.9597873313058249,89.76877526215718
0,138,0.6855839462049546,-0.9102971861439366,2.4810203352282123,0.06826209677419354,0.0868470080210645,8733199,-0.9674302474981296,-0.19985994828540765,-0.2101847366083402,0.9613441560750882,89.33957121043963
0,139,0.6857912828845363,-0.9246983480068945,2.1680452054546726,0.09025806451612904,0.008307082750952544,8796235,-0.9636717681876157,-0.18958921931662426,-0.22546463991885718,0.9588562748331442,87.89791026419796
0,140,0.686007228589827,-0.9100456737702892,2.2758229028794075,0.08199193548387097,0.021618010043845597,8858676,-0.9656693799343641,-0.25463040956853183,-0.1473260332225434,0.9623809022816089,83.93186568890519
0,141,0.6831308180286039,-0.9205343088796062,2.1276496206560442,0.09223387096774188,0.006507612786442913,8921814,-0.9694192145770371,-0.23320535199253145,-0.2071153289053651,0.9484462705641848,88.79231539680666
0,142,0.685608095699741,-0.9225017755262314,2.227080700858947,0.07939919354838712,0.028653212762548796,8983868,-0.96933886919382,-0.2460306089162188,-0.1674956305669306,0.9533259345849682,85.72327330824761
0,143,0.6852826418415192,-0.9055003773781561,2.4020165608775232,0.060508064516129056,0.16996196005153505,9046296,-0.9688750361889692,-0.2037235110815789,-0.1973465029180002,0.9565119251215823,89.78313756924997
0,144,0.6840660697029483,-0.9114933465757677,2.3060171815656845,0.09867338709677421,0.0028466106668526493,9108468,-0.9685697083652929,-0.21560009280018466,-0.19965421600988362,0.9545661351814945,89.26427866478957
0,145,0.6849908646075956,-0.9125940001779987,2.211185268817409,0.10247580645161289,0.0016991408228275912,9170474,-0.9686086395762207,-0.2256785284379076,-0.16300851229559557,0.9612743447420858,86.50890119210167
0,146,0.6854150429848702,-0.9307550672561892,2.294772530755689,0.06550403225806456,0.1113185954461092,9232143,-0.9699441712961471,-0.17259424446239724,-0.23262661857486147,0.9545619908096572,86.39373882481048
0,147,0.6849224086730711,-0.8977417224837888,2.1940492449268216,0.07257258064516132,0.0575663981152173,9293552,-0.9683301212053499,-0.26432032459196714,-0.14560769149873162,0.9579458230628461,83.3749974216722
0,148,0.6839543311826645,-0.9094801881620961,2.190636565608363,0.07710483870967744,0.03648428108034745,9355090,-0.9726608101057908,-0.22756285397344703,-0.16772001748223148,0.9561350438220532,86.7812706834457
0,149,0.6823377859207892,-0.9418084659884053,2.3403348057500777,0.08975,0.008781296796913751,9416501,-0.9712607029494077,-0.27770791113212095,-0.12076085678815628,0.956763741368167,81.2371538804517
0,150,0.6856561553093695,-0.911320956483964,2.1632022492347227,0.08246370967741934,0.02055919936123274,9479075,-0.9638965246607775,-0.196606389686021,-0.20265398860164427,0.9587160720916267,89.59298380230148
0,151,0.6836912824261573,-0.8990888960899845,2.473303114214251,0.06360080645161288,0.13132556474319398,9541776,-0.9658750155104406,-0.19293484439441697,-0.23106419452434743,0.9535011686958338,87.67421067762625
0,152,0.6839337521983732,-0.9123014769246501,2.3643177882317574,0.06226209677419353,0.1470137160271234,9603708,-0.969831168941589,-0.2258634753416737,-0.17921362711754735,0.9558076455285986,87.50973550503913
0,153,0.6831728931396238,-0.9110700728431824,2.494159033221583,0.07636290322580645,0.03945537270716891,9665576,-0.972351356250297,-0.19243415659555724,-0.1960868128718456,0.9557275275333235,89.60003804224719
0,154,0.6827031018272522,-0.9242623208030578,2.2342776406195854,0.08792338709677411,0.010980797584088717,9729072,-0.968811043950969,-0.20275635666277392,-0.19912673450713905,0.9517714213923915,89.99633731197247
0,155,0.6839865205749389,-0.9090726346738877,2.367358717226213,0.07311290322580644,0.05469931627678417,9792042,-0.9684740799569468,-0.2284510500142059,-0.17321597127867536,0.9590874889808927,86.96480764172613
0,156,0.680325509079041,-0.9106030214217401,2.298569686951176,0.09406048387096771,0.0051474390160098134,9854622,-0.9655279783009194,-0.30663244221898456,-0.11074565175680967,0.9558202937780758,78.99026722839608
0,157,0.6798268710413287,-0.9148406309466208,2.2795434690290883,0.0698427419354839,0.07493136500492764,9916908,-0.9663092267882198,-0.23113549861589214,-0.1759280399186991,0.9592201518766487,86.94089421554402
0,158,0.6805586612993672,-0.9211567813350309,2.349711066292178,0.08354032258064514,0.018229144178689212,9978905,-0.9667390270709407,-0.17524243322668442,-0.22963584411347665,0.9580087270705174,86.79499001572795
0,159,0.682389993821421,-0.9204203649874656,2.412203440743108,0.08856854838709678,0.010173949165169059,10039885,-0.968162381219063,-0.21574823034168605,-0.1989020474544784,0.9552239982768582,89.19967186482657
0,160,0.6839632651498241,-0.9278446906997312,2.080234635260797,0.054241935483871004,0.27526598983385886,10101686,-0.9645255465154278,-0.19597901132945164,-0.2248135608241197,0.9560530305858596,88.25283620039932
0,161,0.6810579501813457,-0.9111466446230488,2.426741446218183,0.0653185483870968,0.11315091479724387,10163591,-0.9675765380578732,-0.1823970214418803,-0.23385994484332268,0.9530707765214458,86.8889211576743
0,162,0.6823201266027266,-0.9121892557990167,2.264584933557818,0.07459274193548386,0.04724952454190733,10224785,-0.9668161100224655,-0.18537434284122015,-0.24506074482277088,0.9507290230428012,86.40000533218328
0,163,0.6825640461137218,-0.900212001415991,2.282917864861027,0.06073387096774198,0.16685082960064798,10286597,-0.9672572755463985,-0.21426873131041335,-0.21644612970349925,0.9495941191213831,89.65020307403691
0,164,0.6812366477904781,-0.9010708774289777,2.28176692416591,0.05758870967741937,0.21424038289746744,10348646,-0.9610976907065485,-0.22822086363661412,-0.18966424246800853,0.9611933486521789,87.80432968411301
0,165,0.6792221569245861,-0.9307145841660038,2.3015286326408386,0.07604032258064514,0.040792175790249685,10409894,-0.9624006144137583,-0.21572379024698116,-0.19764162804967017,0.9622402974559437,88.97285771317183
0,166,0.6823115214224784,-0.9545192555073769,2.4634953218121685,0.0555443548387097,0.25013045601844563,10471785,-0.9659607084966466,-0.15843647848306958,-0.26805789311517764,0.953941048355597,83.61930334667585
0,167,0.680766353684087,-0.9081235326105549,2.554560838207122,0.09853225806451615,0.002889303559587014,10533671,-0.964994732429375,-0.28967471030212333,-0.17714646994564764,0.9486431914021165,83.86855257236212
0,168,0.6771865698599047,-0.9153505256099086,2.5385574275447476,0.08810887096774195,0.01072925159108269,10596521,-0.9601370551695795,-0.27905897941251734,-0.19057813791192318,0.9494523382345142,85.14359006079664
0,169,0.6782543255436805,-0.9008100292375011,2.3083296918099925,0.09717338709677421,0.003471548524478868,10658839,-0.9639112353612544,-0.20096037613501838,-0.2530995427577611,0.9482753525390467,86.83240807566922
0,170,0.6812485023852317,-0.9177743244555688,2.600207995983862,0.07525403225806455,0.044183761823936095,10721877,-0.9578313988025622,-0.2597353064486025,-0.2398942181569475,0.946657681871525,89.04803042014468
0,171,0.6779548227787018,-0.905993749057093,2.4177285971180087,0.06139919354838708,0.15793041198241045,10783501,-0.9567593855995405,-0.2789940929854164,-0.2293017139520185,0.9416876448086999,87.42838689992907
0,172,0.6767664196029786,-0.9463735270884729,2.5269069806221993,0.0579395161290322,0.2085154681110879,10844369,-0.9592376272530568,-0.22164337827533945,-0.25099703961878284,0.9506028836888929,88.21973095369798
0,173,0.6771661552690691,-0.9157560602311166,2.1235018084126134,0.08908467741935486,0.00955555714993398,10906181,-0.9583922648986815,-0.27460638143624927,-0.21684996469489512,0.9446587883193068,86.93997902447826
0,174,0.6748351281689059,-0.9257018200812801,2.5519817567640737,0.09507258064516129,0.004537450347239263,10967732,-0.9535469747413144,-0.32019817080692836,-0.18762739929634217,0.9458232022009164,82.65846926198745
0,175,0.6807491375553992,-0.9235477207168457,2.539443381371037,0.07163709677419355,0.06319682986982429,11030261,-0.95107988636092,-0.27195675986453766,-0.2446874483686308,0.9494914612882354,88.49328037021306
0,176,0.6765467082300494,-0.9279512032385795,2.456142850460545,0.07543145161290324,0.04331721207893362,11092948,-0.9599954104535852,-0.30112255436579943,-0.21034497573285516,0.9405723032897819,85.19080728925394
0,177,0.6752223718550897,-0.9507833507753187,2.185567784693933,0.08296774193548387,0.01937598268334289,11155130,-0.9549140583943712,-0.3220066109295719,-0.1767515248498675,0.9493070161519168,81.91250976634855
0,178,0.6745748491056504,-0.9244152595919948,2.660743655696992,0.09880645161290322,0.0027926346163137453,11215569,-0.9563098786937597,-0.2967731640262189,-0.23302571094316749,0.9375545954456251,86.71705692324433
0,179,0.6753111452825608,-0.9215194977098896,2.203177107918647,0.0810645161290322,0.023936187308437194,11277952,-0.9641558502818742,-0.27306723360777685,-0.25958426823823294,0.9259130383431219,89.84797277783785
0,180,0.6783680665877557,-0.9321571982675984,2.4448162298048697,0.06584274193548387,0.10797598568441436,11340940,-0.9559998988972046,-0.27858787120417944,-0.24072846309784113,0.9380545499092621,88.14630361780603
0,181,0.6788530936164241,-0.9321253972668802,2.6301647751562056,0.06888709677419357,0.08197899624375464,11403997,-0.956041481217026,-0.22866779706791157,-0.27450226442111936,0.9451283227016892,87.25603739409657
0,182,0.6777009733261601,-0.9157627945946109,2.416291609887154,0.07459274193548385,0.04711583600173632,11464085,-0.9585131844189819,-0.3074589689867005,-0.21066350544414128,0.93475537377467,84.91592162415016
0,183,0.6744797345130674,-0.8862963982166783,2.3020012359465323,0.09876612903225813,0.002804612669901903,11526911,-0.9505677045526395,-0.3137173388291403,-0.1991996469242937,0.9466640064728343,83.61845566265639
0,184,0.6768775582313538,-0.9223210254023152,2.507707893848419,0.07425403225806455,0.04887141212456232,11588955,-0.9481137742537474,-0.2824255483113765,-0.275753986040232,0.935606841051726,89.83415195960423
0,185,0.674320311315598,-0.9258345932729782,2.377922696451987,0.08508467741935485,0.015290945854636313,11651539,-0.9503543348262081,-0.29109512753174305,-0.2861832715578387,0.929466531167989,89.91628564241724
0,186,0.6804239230771219,-0.9333674580820145,2.1095190932673793,0.06631451612903229,0.10348172250159651,11713617,-0.94640725094527,-0.3235173400313802,-0.2435295820945007,0.932860999479361,85.75856665407296
0,187,0.6746612816087662,-0.923904622754743,2.4658922303107476,0.08852822580645163,0.01022965638175196,11774731,-0.9500402231560725,-0.24143045760314896,-0.31604891965766707,0.9348140248587241,85.57880171441258
0,188,0.6765517054065582,-0.9362681315791223,2.421963793616141,0.07970967741935488,0.02768963135332589,11836976,-0.9523584096416567,-0.32880383357858556,-0.24829573032815935,0.9227216401539736,86.01365395606523
0,189,0.6779516050892491,-0.9410731513654033,2.5941080393329745,0.06318548387096773,0.1358694260702815,11898524,-0.9521716862837885,-0.3257215068393373,-0.2553002033219336,0.9281019400513632,86.49546078683827
0,190,0.675810610094378,-0.9522127172639293,2.5279614656202254,0.06235887096774194,0.1456634435677936,11961605,-0.9507808457891513,-0.33250605038585346,-0.24114297821850902,0.9303016538125196,85.25608304188138
0,191,0.677047073841095,-0.9286808169657185,2.514769442619816,0.076641129032258,0.038347411234414826,12023844,-0.9552884997874945,-0.2628361351781939,-0.3002972449141977,0.9281501299906795,87.45493268485144
0,192,0.6737554928948802,-0.9387116768667775,2.330495015267403,0.08041129032258068,0.025724320004411185,12086545,-0.9545469478345728,-0.28394707840850475,-0.25251628051038594,0.9380180246210956,88.50089636949505
0,193,0.6776325231598269,-0.9231495722647636,2.4726844083878303,0.06155241935483871,0.15583879587241692,12148226,-0.9518425565993732,-0.31603992141331283,-0.24153143858082046,0.9337521731339345,86.13499133423801
0,194,0.6751427554315136,-0.9031242362914547,2.362465783472984,0.07053225806451613,0.07016206781938078,12210836,-0.9514688155589793,-0.3174842977552583,-0.234800032914642,0.9398560984280797,85.57410903696052
0,195,0.6736146740375026,-0.9188305658678855,2.532824001004619,0.08864516129032252,0.010083329292086687,12272538,-0.9526898380782018,-0.2796670750814546,-0.28131113118716294,0.9311130318708645,89.54907607921386
0,196,0.6731257217545663,-0.9329369077759404,2.6428913666355993,0.11420564516129036,0.0003061121043652109,12333939,-0.9536753890371444,-0.32893337282923163,-0.24938707933572243,0.9306883104316952,85.97067831779657
0,197,0.6730419157012817,-0.9222910759910461,2.43479980960969,0.06824999999999998,0.08691673334890607,12396195,-0.9493506898804136,-0.29677774689246345,-0.29906779766970426,0.9271743713468292,89.48229631219913
0,198,0.6783422837334294,-0.9277893362506744,2.445086536868926,0.07768145161290325,0.034369809494182425,12460027,-0.9480708917003436,-0.32728069301736246,-0.27505839911636953,0.9238088251434707,87.53554493257204
0,199,0.6782032520540299,-0.9257369743239495,2.39351184521952,0.0738709677419355,0.0507606602475562,12522666,-0.9450353773970782,-0.3043946323609363,-0.29332682164183815,0.926310524421159,89.71730608127928
0,200,0.6756369327345202,-0.9081115001632322,2.595900043364494,0.06031048387096771,0.17267141970892083,12584331,-0.9436016101268394,-0.3170929401494796,-0.27576077608321664,0.9333986873480241,87.88442174460212
0,201,0.6697667366073977,-0.9085049667666035,2.4247249287943684,0.10646774193548388,0.000965977185888673,12646901,-0.9406334930098769,-0.36176315954866206,-0.23714932515891404,0.9303478165192386,83.26387867962619
0,202,0.6803985757212485,-0.9420665041092904,2.292107747447106,0.06359274193548382,0.13137888853029928,12709239,-0.9448986223868961,-0.3092528433377292,-0.3052751727699389,0.920680362076321,89.77832528692258
0,203,0.6770274071924148,-0.9264129804026696,2.6293163626424727,0.0557782258064516,0.2458494822844378,12772020,-0.929713585923305,-0.31798198973703234,-0.29208714290857707,0.9379451456887424,88.41541415385102
0,204,0.6777325224491858,-0.9049086897603927,2.399953176898341,0.05189919354838711,0.3248062455490301,12834959,-0.9320750136993781,-0.3426046930926661,-0.30998136013461397,0.9212729032747948,88.41456424153152
0,205,0.6729142906204346,-0.9046032976719641,2.3154081279231655,0.06736290322580643,0.09415887769528146,12896900,-0.9297276888194885,-0.3864035187038949,-0.2896832098373675,0.9171409156629206,84.96073605427661
0,206,0.6770880010820204,-0.9137037992477417,2.532264938277583,0.05439112903225807,0.27207690870315276,12959494,-0.9237281535719664,-0.4035968765703959,-0.2784089442256672,0.9181799227257934,83.26670219223512
0,207,0.6776032505496856,-0.9074178886029028,2.5158261599079257,0.07355645161290324,0.05239005149967522,13022672,-0.9248349477084763,-0.35098325818673864,-0.3190163210601635,0.9233483723508509,88.27779275113134
0,208,0.6762793612095618,-0.9357602423237216,2.6217194891745046,0.0934435483870969,0.005600447472898393,13085443,-0.9345096007069118,-0.3338320323196392,-0.34347274598396926,0.9077974632968331,88.9335432485283
0,209,0.673461151699866,-0.8985851849279096,2.3193342531881025,0.09115322580645162,0.007440959764546224,13148157,-0.9272008189995281,-0.35717046338538294,-0.31670972581151813,0.9194510436423686,87.93916828545336
0,210,0.675950208017903,-0.9413025917545441,2.474784460759932,0.06741129032258066,0.0938067423061344,13209692,-0.9291559430115158,-0.359488981330058,-0.3119977948699438,0.9161710441436719,87.65466123785941
0,211,0.6774762628539917,-0.9588918916640743,2.3238028345569486,0.06931451612903222,0.0787842511255033,13271017,-0.929492383920753,-0.3073224742159724,-0.36172262705794295,0.9144375996485467,86.71349382912295
0,212,0.6690254605585529,-0.9226734820873507,2.5921077939771835,0.07812500000000003,0.03279290242262162,13332803,-0.9385594266895786,-0.3669669270420911,-0.3191077937210433,0.9036267354248657,88.0952442037056
0,213,0.6727415429007623,-0.90587124324614,2.5747086117344518,0.07126612903225805,0.06538790436700499,13395758,-0.9290491392659299,-0.38417413312863347,-0.2914892397165172,0.9152655730700416,85.19963582577276
0,214,0.6751853621775105,-0.9290505311181468,2.36931174993515,0.07307661290322581,0.054932009525242936,13457476,-0.9248820364204601,-0.3420283857761472,-0.3530189590006626,0.9147846252628505,89.19297944694638
0,215,0.6792556451212975,-0.9502863374448591,2.627261709782385,0.08004435483870967,0.02675623528581102,13520602,-0.930518397287461,-0.36341768501765,-0.3479510390196266,0.9003248090288106,89.79683065299687
0,216,0.6791309195180093,-0.9143727364078644,2.5317689622602155,0.06886693548387099,0.08178730095612002,13583374,-0.9265149470092692,-0.4285986408877931,-0.28647137831680974,0.8984723039911623,82.85960910278226
0,217,0.6785317582468833,-0.9388130960925933,2.3237548893497837,0.0611209677419355,0.16160035962212238,13646285,-0.9221680467029926,-0.3780459501673831,-0.38225586197922107,0.8872604273689145,88.98365610363517
0,218,0.6767345455385023,-0.9158749993770353,2.6667834347294224,0.0638387096774194,0.12851285112714805,13708057,-0.9147657204795605,-0.4240573279811749,-0.34785578935817885,0.8933902470551291,86.40325474724882
0,219,0.6745508303565364,-0.9293008331329592,2.57472203816137,0.08370967741935485,0.01781888828418493,13770997,-0.9023555180195558,-0.46523147930526115,-0.3329143093328813,0.8895264580034895,83.2443954942911
0,220,0.6783545719039056,-0.9277636889488466,2.5612477813997576,0.07071370967741931,0.0689372942353343,13832629,-0.901931431878844,-0.4521081593062312,-0.37369311816402795,0.8790608884734584,86.4075027918411
0,221,0.6800054763593981,-0.9410644577395532,2.6413850976574804,0.07754032258064511,0.03491187682964079,13894890,-0.9061142784528969,-0.4215334370206875,-0.39823874103337426,0.8798162420536301,89.4050197254493
0,222,0.6809147452154467,-0.9365504941632671,2.7676601602185156,0.06573387096774197,0.10878242834051642,13956227,-0.9004310689782156,-0.48143044720947104,-0.34301574428182996,0.88273959679356,83.10324640664633
0,223,0.6748900471195098,-0.9654848142977683,2.3155866130705802,0.07557661290322576,0.04271816687666013,14017971,-0.9101327304574524,-0.42277923368655124,-0.40616421587323037,0.8678874137280903,89.83682776356143
0,224,0.6787341996546714,-0.9430133661916179,2.4874212953352157,0.06364919354838708,0.13062037184677638,14079827,-0.9066180076590022,-0.44265633152593026,-0.3926140765374131,0.8684528395018075,88.30304069846177
0,225,0.677676833445026,-0.9366381668275402,2.558473006371529,0.07023790322580649,0.072184550482389,14142896,-0.8985158126073246,-0.43694433330708005,-0.3877168753086048,0.8839113299727601,87.75061683066555
0,226,0.6774646697505828,-0.9524262374447238,2.5890267818204817,0.07610887096774194,0.04048889246685761,14205629,-0.900190014744077,-0.431076557078059,-0.4240138203156636,0.8701633624660333,89.60941404333275
0,227,0.6764002115495743,-0.9134335748610958,2.4126588980997763,0.09614516129032262,0.0039654722831747955,14267900,-0.8835916104090608,-0.454230346222721,-0.4129269482284729,0.8753236356674802,88.048761765173
0,228,0.680805230332959,-0.9255050920671032,2.463302953589347,0.07522983870967744,0.044247823046293766,14329535,-0.8803969489350133,-0.4886407044269466,-0.3887601618519492,0.8779823934353516,84.85190338260321
0,229,0.680864336990541,-0.953829821079008,2.483773687193471,0.05260483870967743,0.3093012121429955,14391026,-0.8779224745173219,-0.4587855596944227,-0.4442659792216501,0.8697522144777425,89.46705393544238
0,230,0.6786413000475976,-0.9507856253654726,2.550498952788691,0.07379838709677425,0.05109636821744631,14452304,-0.892239803935102,-0.4614295906727816,-0.4154190864964975,0.8673424962114406,88.24624167623777
0,231,0.6770980108168817,-0.9097328022603066,2.3469219092399842,0.08833467741935483,0.010436757302645957,14514460,-0.888675345235392,-0.48241055389915954,-0.40721652419751636,0.8576410717937896,86.90385245614634
0,232,0.6765775565178164,-0.9262825471739615,2.732303202152252,0.08889112903225804,0.009754931940426304,14576557,-0.891778493835996,-0.49244180055880316,-0.41811122305105597,0.8476034092362648,87.34893186249066
0,233,0.6746781872164819,-0.9476306448059697,2.591379000294593,0.07338306451612908,0.053172219152349216,14637863,-0.8913676074192224,-0.48702989002926295,-0.44515515541577544,0.8351340935696193,89.40761772210159
0,234,0.6847747920020935,-0.9094068792558485,2.499712659466651,0.06395161290322579,0.12735397717078298,14700116,-0.87063152034312,-0.4939849240945375,-0.4317595873271828,0.8620161799732099,87.03498824116994
0,235,0.6797217678639197,-0.9416135982159646,2.5990451055188335,0.09569354838709677,0.004206953528413285,14762561,-0.8755798193203299,-0.4394155465277847,-0.4595735264423686,0.8692230086838569,88.7838924759656
0,236,0.680255405364498,-0.8966403170939414,2.730783766315829,0.08924999999999998,0.009381781088489907,14824151,-0.8831689331316641,-0.4439331809035352,-0.4866032250333617,0.8434855040229369,86.70635436562057
0,237,0.6786023993645945,-0.9281952083110809,2.2399615453135584,0.07776612903225803,0.034097590296439245,14887061,-0.8963903969368552,-0.4378475783143259,-0.4770098165578761,0.8372360923277726,86.36144353178602
0,238,0.6802547429838488,-0.9233594056098692,2.7607737645026176,0.062427419354838726,0.14484247559187194,14949972,-0.8913227991986987,-0.4776303336025439,-0.4039517540042952,0.8622258469034986,86.91765132006213
0,239,0.6781339712681309,-0.9260428192154053,2.803546728626374,0.07404435483870965,0.04983791268404989,15010885,-0.8892842601116978,-0.47301225414251497,-0.40973959678909516,0.8661708781311126,87.30774329060108
0,240,0.6748902461221141,-0.9091714187975852,2.591073901422562,0.10521774193548387,0.001159261513232586,15071480,-0.8672839108214102,-0.481547878096128,-0.42718531017526534,0.8703292731327685,87.10263109725581
0,241,0.6779571175575256,-0.9446941219991253,2.5250680196669792,0.08722580645161289,0.011926240868983794,15132040,-0.8490091149042596,-0.5127810470922104,-0.45036098856938317,0.8572138489421902,86.58546758960459
0,242,0.6816897853728263,-0.9473646225467804,2.3164972316834236,0.061370967741935484,0.1581640705107341,15194427,-0.8820042475237911,-0.4962805020437644,-0.46237325196988466,0.8281874761024961,89.80911314466952
0,243,0.6810739530671027,-0.9188338056687386,2.5966424519015896,0.06745564516129035,0.09305947463188065,15256552,-0.8679194843301106,-0.5650973885566943,-0.42864552364967046,0.8207908005664626,84.5072103094181
0,244,0.6791407562071278,-0.9353220510867334,2.7467681477146764,0.0893064516129032,0.009318600645934913,15319227,-0.8574008620631668,-0.48649546779309927,-0.4934774274624523,0.8403956756744064,89.1495826873832
0,245,0.6805460472260753,-0.9392741485949485,2.6309290316797074,0.06879032258064517,0.08250218824201494,15381062,-0.8736893643549483,-0.5287475016370018,-0.4590420945913243,0.8242705823834791,87.93186224438482
0,246,0.680897448332079,-0.9265153965642375,2.6760495728062046,0.056745967741935494,0.22843613665312532,15443952,-0.858784130462724,-0.5195844504640841,-0.4838685129703692,0.8314116988577395,89.02381352121813
0,247,0.6833974978616161,-0.93485223189477,2.856589580735853,0.07996370967741936,0.02701507058653625,15506715,-0.8588916790701632,-0.4958609734013252,-0.5064573902052538,0.8302335434881293,88.61503899899695
0,248,0.678437614633191,-0.9071872916913801,2.421138919168903,0.08680645161290329,0.01252682277392552,15569672,-0.8517974836975752,-0.5165311535722895,-0.4955664775748367,0.8326615210107667,89.52671792819122
0,249,0.6809864390280939,-0.9462527469281228,2.7099283318365774,0.07954435483870964,0.028249975569333435,15631789,-0.8427163952846841,-0.5356899472748873,-0.4724917285343629,0.8444683016009955,86.78470198428906
0,250,0.6818226643147007,-0.9238808318491905,2.6166256646956167,0.0900967741935483,0.008470336784195625,15693855,-0.8386620442712832,-0.5180709239178971,-0.507790522512147,0.8360788119408844,89.5672272927154
0,251,0.6852838973845204,-0.9281334098308317,2.7922705758002495,0.05081451612903229,0.34973887115562574,15755843,-0.8503556891531473,-0.5106765255502013,-0.4874227150569462,0.8412084922570978,89.10265953094819
0,252,0.6822956281323587,-0.957916606818476,2.710191951644036,0.054560483870967735,0.26896652353389133,15818041,-0.8402742763639898,-0.49825072043016555,-0.5362942106422042,0.8313575008431661,87.84097444570597
0,253,0.6853349295354658,-0.9505045596630343,2.318385124206543,0.07238306451612901,0.058776024025973345,15881830,-0.8327793269729873,-0.5432513872493553,-0.5193809168938656,0.8172958945817321,89.31759727578203
0,254,0.6786381160059283,-0.9412785258985334,2.347077140885015,0.08410483870967746,0.017071287608974986,15943680,-0.8422023884725405,-0.5578399278780385,-0.49478668608692233,0.8160147100665213,87.71149187395557
0,255,0.6841634733061637,-0.9340752747751051,2.63660837950245,0.07092741935483872,0.06764355541180285,16007673,-0.8456311266768403,-0.5174853948273387,-0.5305173703553913,0.8153772229500629,88.41496380563235
0,256,0.6835874011439662,-0.9466366835178868,2.335234780465403,0.08145564516129035,0.022953561652493893,16070562,-0.8406911621538211,-0.5460150265307586,-0.4923935967751641,0.8251426315855968,87.8230559692451
0,257,0.6831738708480712,-0.9812587047776868,2.652034846044356,0.06597177419354841,0.10675736613941919,16133827,-0.8378533050569337,-0.5469897330386696,-0.5249067771368063,0.8105456334192839,89.78858859363314
0,258,0.6844906258967615,-0.9224497156758462,2.391467119416883,0.05479838709677415,0.2641997905360088,16197280,-0.8333312937119943,-0.5569826625771545,-0.4937565059144308,0.8236373068355796,87.18395947537675
0,259,0.6841581290768038,-0.9566706322854565,2.421258286122353,0.06585483870967744,0.10784941811455227,16259797,-0.823013795531178,-0.572818715259899,-0.4924724895222908,0.8271470838064183,85.9310429879942
0,260,0.6858503491647782,-0.9277052715901406,2.5562131231830967,0.045286290322580636,0.4948579228820489,16322993,-0.8202751359883187,-0.5595999790602515,-0.5386851505673693,0.8062301390229816,89.44678448094491
0,261,0.6827068799926389,-0.9195853452528676,2.46791406408433,0.053197580645161294,0.29618786393516316,16384966,-0.838445583141301,-0.5874382848695405,-0.520951453139626,0.7800122533861974,88.72185576817391
0,262,0.6802924573421478,-0.9448635308973251,2.8631799451766478,0.05237499999999992,0.31425307467750624,16446501,-0.8194831059804804,-0.5724413784637168,-0.5401514346550771,0.804269479624885,88.94968523779947
0,263,0.686660663735482,-0.9645442597327694,2.664497499504397,0.05125000000000002,0.33960884680630743,16508905,-0.8007277370776641,-0.5828723407537071,-0.5441793649019232,0.8093145224732666,87.86477379487474
0,264,0.6856532317976798,-0.9435548465098104,2.7872145041342704,0.054697580645161226,0.26616332443925167,16571095,-0.81242158863174,-0.5910440573009078,-0.5141356658537672,0.8135295245266493,86.25590347350806
0,265,0.6875337564176128,-0.9528155644093791,2.450536992280714,0.039826612903225866,0.6597633226342026,16633046,-0.8281973049504964,-0.5434115540830478,-0.565586193180109,0.7957956086635933,87.86830411640567
0,266,0.6850276012574473,-0.9493263142724191,2.5479147972599154,0.049931451612903216,0.3709521821984734,16694892,-0.8028431677810062,-0.579327265363711,-0.5349261419184217,0.8178180394083263,87.37426367372599
0,267,0.680885043836409,-0.9311018682295277,2.7048662304878235,0.0641330645161291,0.12535641871017442,16756479,-0.8139960422619982,-0.5925789955652445,-0.5265832591715951,0.7996194517490622,87.31244325964113
0,268,0.6836573500787059,-0.9263288282578991,2.6727219397021877,0.06152822580645169,0.15623441188768156,16818764,-0.8222726284766784,-0.5826207198416323,-0.5596930569468862,0.7771553927996575,89.5587122313227
0,269,0.6827339818400722,-0.9335468719082494,2.5529156788702934,0.06965322580645164,0.0762968299825765,16881946,-0.8009056350006595,-0.595873555079075,-0.5853834465771959,0.7679400873113185,89.33177845259803
0,270,0.6862762849177083,-0.9483212703658689,2.4450495839118958,0.060080645161290316,0.17597393904843092,16944701,-0.7976174335053772,-0.5794751979258478,-0.5865026858592731,0.7812603220337703,89.10264053766966
0,271,0.6870433774686628,-0.9451065419181701,2.800240603185469,0.03842741935483869,0.7027612721691088,17007909,-0.8105654698796638,-0.5947882690741474,-0.574306489821862,0.7658944113947,89.40658269160541
0,272,0.6847576297098591,-0.9565467478767518,2.7518127868252416,0.059149193548387144,0.18940164083284464,17070246,-0.819145963065586,-0.5974439729461305,-0.5443472333195082,0.7787238436111226,88.84936570669922
0,273,0.6865892121868749,-0.9505701939905843,2.5195724839164364,0.060249999999999984,0.17357305713692106,17133630,-0.8054913298490499,-0.5695847889776054,-0.560570866984738,0.7981047997197122,89.81817431251855
0,274,0.6863660341308963,-0.9203564764991883,2.652770569247584,0.09338306451612911,0.005643683566781478,17196876,-0.8131334457985357,-0.5688444321649841,-0.5825303948559458,0.7829367065834901,88.3250654645894
0,275,0.6866967168546492,-0.9426783659765797,2.6595775629243543,0.08837499999999997,0.010410687208606361,17258804,-0.8040354293990501,-0.5891945840319562,-0.5777493164363465,0.7751320931410304,89.53461818316966
0,276,0.6897433371313156,-0.9434458171167681,2.5813534702024152,0.07147177419354837,0.06418716710853978,17322026,-0.8155106561957557,-0.5774986027834409,-0.5913262617449362,0.7610934570269479,87.4587999838951
0,277,0.6868259156903913,-0.9415886257925341,2.526080603561094,0.08543951612903224,0.014626533370565365,17383813,-0.8051316923319607,-0.6337616933068779,-0.5536566838549941,0.756618918138216,87.98668636315897
0,278,0.6874752438837483,-0.9680840401880203,2.3657589852809906,0.05867338709677418,0.19670023056622235,17446657,-0.8072044888178659,-0.6056380122309539,-0.5623459707313254,0.7675800434228939,89.34676706815428
0,279,0.6858931116519436,-0.9233207644954804,2.851890867756259,0.08004032258064515,0.026780294232194843,17509639,-0.8004824585031116,-0.5997273668163592,-0.5696095683990214,0.7782490838256204,89.36000962254201
0,280,0.6867672214584966,-0.9549338663777998,2.834989696741104,0.063125,0.1367231620291214,17572582,-0.804182562709271,-0.5850336853933757,-0.5787905929657466,0.776450858702449,89.33347372572864
0,281,0.6845005856406304,-0.9338825143152668,2.7585405553540876,0.05686693548387098,0.2263373902737914,17634410,-0.8126014939941621,-0.5932479042990426,-0.5539484011183895,0.7846024679453764,89.09133112810646
0,282,0.6807823584925744,-0.9597531432105649,2.578130881632528,0.09151612903225803,0.007097109700720279,17696492,-0.8030651773259093,-0.6317468565862193,-0.5357265207322708,0.7800082774552958,86.291070892938
0,283,0.6838880027494123,-0.9550534986680553,2.9057614495677333,0.08296370967741938,0.0194100250566019,17758308,-0.8199333905955227,-0.5905446474220885,-0.5839195890312445,0.7529738240890416,87.9697240629126
0,284,0.6892136873737458,-0.9724669081549491,2.943793304504887,0.06977419354838704,0.07545472785205082,17821028,-0.7947348562419565,-0.5920885798964093,-0.6064529709565379,0.7617770626341079,88.16322556898058
0,285,0.6823451230602879,-0.9494170767645682,2.657333743187689,0.09694354838709672,0.0035771664765326316,17882862,-0.8002703217958469,-0.5728072828476433,-0.6193379815782437,0.762797764160054,86.5196833537244
0,286,0.6877243893761789,-0.9491553729580294,2.5584113011437077,0.05780645161290325,0.21060782393429942,17944045,-0.7955478051595891,-0.603583846556619,-0.6052776677877245,0.7515349200666523,88.34009644252397
0,287,0.6881954362315517,-0.9675718872777878,2.4090842969955935,0.07822580645161288,0.0325125925204135,18006027,-0.785911561600465,-0.5976784313418497,-0.5883646226923092,0.7810586694895701,89.73774205887042
0,288,0.6864680619009079,-0.9572808627159365,2.478814682652873,0.08681048387096775,0.012528125895150441,18068043,-0.7930650804405764,-0.5870189199090626,-0.5985021231151639,0.7766890076379674,88.89129950688597
0,289,0.6876646703289401,-0.9485096354638377,2.451738609421638,0.047862903225806386,0.42368260654416195,18130253,-0.7707393760532352,-0.6053772875660977,-0.6071630890853156,0.7796896919434297,89.76088369701604
0,290,0.686839517085783,-0.9265563718734249,3.2292791701132253,0.05687903225806451,0.22619758595245518,18196290,-0.7819800606798507,-0.6225676254871838,-0.604291292995497,0.7537621497618063,89.80563078673924
0,291,0.687650345025524,-0.9605536499331074,2.7306448932616942,0.06479435483870973,0.11841646667472307,18259986,-0.7883912100671363,-0.6166849173655773,-0.5848231497351511,0.7679266233256994,89.2587357780288
0,292,0.6876593376359632,-0.9557952976995899,3.007470405870868,0.05806451612903224,0.20649893323173146,18323851,-0.7799028748580921,-0.595001567396129,-0.6126467407767144,0.7715679510846412,88.89007709259558
0,293,0.6852854692166851,-0.9376605095401886,2.6966551340395406,0.05887500000000001,0.19368042083608933,18387439,-0.7783233464116901,-0.6311967879626643,-0.5868697915452322,0.7609422607335637,88.59986752127476
0,294,0.6847939443203711,-0.9213548744878461,2.726591900471718,0.07243951612903227,0.05844020000647618,18451087,-0.77764510698688,-0.6314882547402311,-0.6001425835276666,0.7570522543898188,89.32673590093269
0,295,0.6848372893948709,-0.9480563863631217,2.6405203419346965,0.06078225806451609,0.1662027119720297,18513754,-0.7651836092767583,-0.6373149584016408,-0.6007230946094027,0.7648312224312607,88.35660401435595
0,296,0.6872059318327135,-0.9494082110543405,2.8319453347113823,0.05520161290322584,0.2564649891466145,18578359,-0.7824838868588861,-0.6313595860864363,-0.5993085103255978,0.7479512008339164,89.80516325497132
0,297,0.6888715336399693,-0.9455474374755737,2.876814615341925,0.048536290322580666,0.4058396718571511,18643336,-0.7767700753076066,-0.6422553092405878,-0.5672523834059199,0.770156335691762,86.78830285497246
0,298,0.6839048487524833,-0.9978915039570101,2.791055867748876,0.07576612903225811,0.041922674495835546,18707529,-0.7979331556355098,-0.6104016426540497,-0.60653710730736,0.7454059191577208,88.2799448544938
0,299,0.6873319716222824,-0.9873526980800014,2.7778861003537334,0.08044758064516129,0.025643170419135154,18771830,-0.7753270439278405,-0.6125492020913199,-0.6185063869597413,0.7577325186281962,89.08722346861268
0,300,0.6883053298919432,-0.985650880682853,2.7652133568640678,0.055600806451612875,0.24904271307062992,18837004,-0.7842928678394957,-0.6226891568788847,-0.615819064301063,0.7434526928112697,88.81207192844862
